,x
Gnai3,a
Cdc45,f
Cav2,b
Klf6,c
Scmh1,d
Cox5a,f
Tbx2,a
Tbx4,d
Wnt3,e
Wnt9a,b
Xpo6,d
Tfe3,e
Axin2,d
Gna12,b
Slc22a18,f
Dlat,e
Sdhd,f
Ccnd2,d
Btbd17,e
Drp2,b
Lhx2,b
Gmpr,b
Mid2,d
Trim25,f
Dgke,f
Scpep1,f
Mnt,d
Hddc2,d
Tpd52l1,a
Cdh1,e
Cdh4,d
Ckmt1,f
Bcl6b,b
Alox12,f
Rtca,e
Dbt,e
Mcts1,e
Rem1,b
Rnf17,e
Trappc10,a
Ccm2,c
Tbrg4,e
Tmprss2,b
Fap,b
Ndufa9,f
Lck,f
Cttnbp2,b
Pparg,a
Septin1,f
Pdgfb,b
Acvrl1,b
Tamalin,f
Tom1l2,b
Gpa33,f
Itga5,b
Gabra2,b
Wdr77,e
Atp5pb,e
Sox9,a
Hnrnpd,e
C1d,a
Gm2a,f
Clcn4,b
Grm6,e
Sema4f,f
Hk2,f
Sez6,c
Hoxb6,d
Loxl3,a
Kat2b,f
Rab5b,b
Dnmt3l,e
Aire,e
Sult5a1,b
Rpl13,e
Rpa1,f
Serpinf1,a
Tubgcp3,a
Polr3d,e
Tcf7,d
Ddx3x,e
Il12rb1,e
Slc5a5,e
Kcnn3,b
Car4,e
Txnrd3,f
Fasl,d
Zfp512b,a
Dnajc5,a
Bcl11a,a
Pxmp4,b
Gnb1l,f
Dbh,a
Mmp11,a
Hip1r,f
Nsun5,e
Top1mt,d
Hoxa10,a
Hoxa4,a
Mmp14,b
Slc7a7,e
Icam4,e
Ilf2,d
S100a4,a
S100a6,d
Icam2,b
Mapk7,b
Epn2,f
Sec24b,a
N4bp3,f
Rmnd5b,f
Nhp2,e
Vps9d1,b
Zfp276,b
Kctd10,b
Col6a1,b
Pcbp3,a
Lgals9,b
Cfp,f
Timp1,f
Uxt,e
Cnnm3,c
Lman2l,a
Mcm3ap,f
Pcnt,f
Mxd1,a
Gmcl1,f
Oas1c,f
Uhrf1,f
Ramp2,b
Lsr,e
Hpn,e
Ckb,f
Itgb7,f
Pfdn5,a
Efnb2,a
Rrp15,e
Rnd2,f
Srr,a
Sync,f
Fndc5,b
Acp5,f
Cnn1,c
Fbxo9,c
Vps50,d
Ube2c,f
Smg5,e
Cct3,e
Glmp,d
Tmem79,e
Snd1,f
Col18a1,e
Kpnb1,e
Npepps,f
Tbx21,f
Cyp51,e
Def8,f
Meox1,a
Irx2,f
Col1a1,b
Dlx3,d
Itfg2,f
Nrip2,b
Gtf2h4,e
Tubb5,f
Ell2,f
Jup,f
Fkbp10,b
Mnx1,f
Nom1,e
Tnk1,e
Acap1,b
Tcea3,e
Ifrd1,e
Stk38l,f
Hoxc13,f
Hoxc8,a
Hoxc6,a
Gstt1,b
Gstt3,b
Ddt,e
Marveld3,e
Ddx18,e
Ubl3,f
Eef1e1,e
Akt1,b
Il16,a
Tcirg1,d
Naglu,b
Smo,a
Tspan33,e
Crnkl1,f
Rin2,b
Folh1,e
Chordc1,e
Rtcb,e
Pwp1,e
Fbxo7,f
Capns1,f
Lrp3,a
Folr1,e
Clpb,f
Septin7,a
Rac1,a
Nup214,e
Aif1l,a
Ltbp1,a
Ugp2,a
Kcnh6,e
Trmt1,e
Nacc1,e
Nfix,b
Slc1a5,d
Uba1,f
Vwf,f
Siae,b
Vsig2,f
Esam,b
Fam50a,e
Emd,f
Grik3,d
Gria3,b
Sipa1l2,f
Ap4e1,e
Blvra,b
Idh3g,f
Pnck,b
Bcap31,f
Fam98a,e
Kmt2a,a
Unc119,a
Rab34,b
Sdf2,b
Ccne1,e
Hsf2bp,f
Bbc3,e
Mybpc3,f
Psmc3,e
Acp2,a
Rapsn,f
Slc39a13,b
Celf2,b
Ddb2,e
Sf3a1,f
Clgn,e
Smg9,f
Paxip1,f
Mov10,f
Ppm1j,f
Rhoc,b
Tead3,b
Def6,f
Peg3,a
Zim1,b
Metrn,a
Angptl4,b
Dbf4,e
Daxx,f
Cd320,e
Tm9sf1,b
Dhrs1,a
Ncan,e
Tmem161a,d
Ndufa11,f
Bmp8b,e
Nr2f6,c
Ocel1,f
Dyrk1b,a
Braf,c
Hltf,e
Prpf6,e
Rgs19,c
Rgs20,c
Snrpd1,e
Tiam1,d
Rpl3l,f
Golga2,b
Ikzf4,b
Mien1,f
Axl,b
Tgfb1,d
Zfp40,a
Akap8l,e
Shh,d
Pdcd2l,f
Gtf2f1,f
Clpp,e
Alkbh7,f
Dennd1c,e
Prkd1,d
Cse1l,e
Naa20,e
Prkra,a
Fkbp7,b
Plekha3,f
Pex6,b
Mrpl2,e
Gnmt,e
Kdelr1,b
Ggct,e
Jag2,e
Btbd6,c
Flii,b
Top3a,f
Atg4d,f
Qtrt1,f
Hdgfl2,e
Adprh,f
Tmem39a,f
Timmdc1,e
Pla1a,f
Mcm2,e
Tpra1,d
Nab1,b
Adgre5,f
Lamb1,d
Kcnn1,a
Arrdc2,f
Cd36,b
Pnkp,e
Bcam,e
Relb,f
Tomm40,e
Apoe,f
Apoc2,f
Hbp1,a
Prkar2b,a
Cdkn1b,b
Klf4,f
Hmgn2,a
Elf3,f
Stard3nl,b
Efna2,a
Cdk12,e
Pafah1b2,a
Tbc1d8,f
Cnot11,f
Slc2a3,d
Sri,a
Dgcr2,a
Irf3,b
Bcl2l12,b
Edar,d
Grk5,a
Dvl3,a
Eif2b5,f
Sult2b1,d
Car11,b
Dlgap1,b
Plag1,a
Hck,f
Mrpl4,f
Ap1m2,e
Atp8b3,e
Abhd17a,f
Mob3a,b
Cacnb3,a
Fkbp11,e
Ddx23,e
Pld3,b
Grik5,a
Cd79a,e
Prkcsh,f
Elavl3,c
Rab3b,f
St8sia6,f
Fcgrt,b
Nosip,f
Rps11,e
Supt5,e
Timm50,e
Bicd1,a
Ncstn,a
Pex19,a
Phyhip,e
Crhr2,f
Impdh1,e
Dusp3,c
Prodh,e
Slc25a1,f
Ddr1,b
Ier3,e
Fosb,d
As3mt,d
Homer3,a
Crtc1,b
Rnf215,b
Sec14l2,d
Aven,f
Rps6ka1,f
Calb2,e
Snrnp200,f
Ciao1,f
Kpna6,e
Man1a,a
Kif20a,f
Farsa,e
Gcdh,f
Dnase2a,f
Rad23a,e
Syce2,e
Nfat5,b
Nob1,e
Nqo1,f
Ppfia3,f
Gys1,f
Ruvbl2,e
Bax,e
Tfam,e
Zfp81,a
Efnb3,a
Mmd,a
Hlf,b
Rpl8,e
Grm3,b
Ssbp2,a
Fancl,e
Brinp2,e
Gstm5,a
Gstm7,a
Gstm3,f
Stat3,b
Cavin1,b
Akt2,a
Dnaja3,f
Hmox2,a
Cdip1,a
Dnmt1,f
Ppan,e
Angptl2,b
Cacna1e,a
Cacna1b,c
Trmt10a,e
Etv1,a
Kifc2,b
Wars2,a
Atn1,b
Phb2,e
Ptpn6,f
Eno2,b
Emg1,e
Clcn5,d
Clcn3,e
Hif3a,b
Gpx6,f
Pde1c,c
Utp20,e
Spic,f
9330159F19Rik,b
Sst,a
Large1,a
Ddx56,e
Tmed4,b
Col26a1,a
Bid,f
Ppp1cc,f
Dnajb11,e
Clec11a,b
Zfp324,a
Gab2,b
Coro1c,e
Mettl17,f
Arhgef40,b
Pnpla6,e
Arhgef18,f
Stxbp2,e
Sgce,b
Chn2,b
Wwox,d
Aqp1,b
Arid3b,d
Cnn2,b
Polr2e,f
Hdac9,c
Mtfp1,f
Rab11a,b
Eif2b2,e
Pgf,b
Ulk2,b
Grap,b
Chmp2b,a
Plod3,b
Srpk1,e
Lbr,e
Crabp2,c
Nes,f
Bcan,f
Hdgf,e
Thop1,e
Apba3,f
Pias4,f
Map2k1,f
Tmem242,a
Zp3,f
Hspb1,f
Rasa4,f
Syt5,e
Hnrnpa2b1,e
Prkacb,a
Sgsh,b
Cstb,f
Sh2b2,a
Cd44,d
Slc1a2,a
Slc2a9,a
Ccn4,b
Ndrg1,f
Klf5,d
Polr2a,f
Senp3,f
Corin,b
Dnah2,d
Ripk4,e
Zfp287,a
Prlr,c
Ubqln1,e
Fgfr4,b
Cadm3,a
Slc1a6,c
Slc1a3,a
Msh6,f
Fbxo11,a
Mlxipl,f
Bud23,e
Nid1,f
Mcm5,f
Hmox1,e
Mprip,b
Cic,b
Pafah1b3,a
Il27ra,b
Prkaca,b
Asf1b,f
Ddx39a,e
Usp40,a
Evx1,d
Kbtbd4,a
Por,d
Igf1r,a
Insr,a
Atp4a,e
Trim28,f
Mef2c,a
Irag1,b
Pcyt1a,b
Zfp592,a
Psmd4,e
Mthfd2,e
Kit,f
Apoa2,f
Pan2,f
Cs,f
Bcas2,e
Agrp,f
Tfap4,f
Ranbp1,e
Psmb4,e
Slc30a4,b
Sqor,a
Metap1,e
Gata6,a
Rsl1d1,e
Apc,a
Reep5,b
Ergic3,b
Ncoa2,a
Trh,f
Nr2c2,a
Nr2c1,a
Smpd4,e
Otx1,d
Itgae,e
Ctns,a
P2rx5,f
Shpk,b
Ephb3,b
Tuft1,d
Rcn1,d
Trap1,e
Naa60,d
1700037C18Rik,c
Tpr,e
Kptn,c
Calcoco2,f
Snf8,f
Inpp5k,f
Upk3bl,e
Eps8l1,a
Clint1,b
Prss16,e
Rhox6,f
Htra1,f
Clcnkb,f
Fam131c,f
Fblim1,f
Hspb7,b
Epor,b
Ccdc159,a
Mob1b,d
Atp6v1b2,f
Osgep,e
Arpc2,b
Kmt2b,e
Zbtb32,f
Etv2,e
Upk1a,f
Rps9,e
Susd2,f
Ggt5,b
Ggt1,f
Crip2,e
Crip1,e
Cbfa2t3,b
Fbln1,d
Gcat,f
Elovl1,b
Med8,e
Cdc20,e
Adamts4,b
Nectin4,e
Pfdn2,e
Rnf114,d
Steep1,a
Srm,e
Epha2,e
Rbm14,f
Zdhhc24,f
Bbs1,a
Slc34a3,e
Ndor1,e
Nsmf,b
Ptbp1,e
Mvd,e
Ihh,b
Rundc3a,f
Slc4a3,b
Cdt1,e
Runx1t1,a
Snai3,e
Aprt,e
Gtf2h1,f
Hfe,b
Slc5a6,f
Tcf23,b
Nphs1,e
P4htm,f
Pola1,f
Gmnn,e
Acot13,d
Zfp184,a
B4galnt1,f
Mettl1,e
Saal1,f
Krt23,b
Odad4,f
Sulf2,b
Sod2,f
Stambp,b
Ezh1,f
Hap1,f
P3h4,b
Ctnnb1,a
Eif1b,a
Chrd,c
Psmd2,e
Syngr3,c
Slc44a4,f
Msh5,a
Abhd16a,b
Ddah2,a
Clic1,a
Lsm2,e
Pole,e
Atp1a2,d
Atp1a4,d
Stx1a,a
Mrpl49,e
Dennd2c,f
Pcdha10,b
M6pr,e
Mc5r,d
Fance,e
Tinf2,e
Hapln4,e
Dus3l,e
Tgfbr1,a
Homer1,e
Rad51c,f
Gabrb2,b
Cav1,b
Bcl2l1,a
Khsrp,e
Dio2,b
Ccdc124,e
Cct4,e
Cpt1c,b
Twist2,b
Rhoa,f
Zmiz1,a
Aldh16a1,f
Prrg2,b
Hnrnph1,a
Ift43,a
Id3,a
Crlf1,e
Ctsd,f
Rplp1,e
Hmgcll1,a
Ttc9b,b
Phox2a,a
Abhd8,b
Ift22,b
Fzd3,a
1700008O03Rik,f
Mid1ip1,e
Fgfrl1,d
Fhl2,b
Emc10,e
Scrn3,f
Relt,d
Snrpb2,e
Prpf31,e
Carhsp1,c
Elk3,a
Rdh13,f
Nutf2,e
Fut1,e
Elavl2,b
Pou2f2,c
Mgst1,b
Nfib,b
Htr3b,b
Rab25,e
Ubqln4,e
Rbfox1,b
Rps18,e
Rpl10,e
Rps15a,e
Ncaph2,f
Hipk1,a
Gprc5b,b
Man1a2,a
Hdac5,a
Gabpa,f
Bmp7,d
Dynll1,f
Tmem184b,b
Cabp7,f
Zmat5,f
Derl3,e
Tbx1,d
Bcl2l13,a
Dqx1,f
Fam163b,e
Trpm5,b
Ascl2,e
Rarres2,b
Pttg1ip,b
Lpo,e
Met,c
Slc16a12,a
Syn2,b
Nav1,b
Tnpo1,e
Rnmt,e
Cdk9,f
Tor2a,d
Fpgs,e
Mrtfb,a
Apobec3,f
Taf7l,e
Sardh,b
Tex15,a
G0s2,b
Mcu,b
Tex11,e
Bcr,a
Tfcp2,a
Pou6f1,b
Nuak2,e
Cilk1,a
Sdhb,f
Cox4i2,d
Snap47,c
Wnt3a,d
Rps25,e
Nxf2,e
Tafazzin,a
Tmem115,b
Hyal2,a
Ifrd2,e
Nprl2,b
Slc38a3,e
Cacna2d2,f
Rassf1,c
Epn3,b
Rnf112,a
Slc3a2,e
Stx5a,a
Slc47a1,e
Spire2,f
Prox1,a
Bltp2,e
AI597479,a
Tmem86a,b
Optc,b
Tex14,f
Ifi35,e
Rdm1,f
Gosr1,b
Kansl3,a
Eya4,b
Ebf3,b
Myt1,b
Faf1,e
Gm266,a
Tsacc,e
Dazl,f
Pigyl,f
Rbm25,e
Psen2,c
Plcd1,e
Tnfrsf22,e
Phlda2,d
Asz1,f
Wnt2,a
Gabra1,b
Grid2ip,a
Kdelr3,b
Pdhx,f
Vac14,e
Slc5a1,f
Akt1s1,a
Tbrg1,f
Brf1,a
Vipr2,a
Odc1,e
Thg1l,e
Pabpc4,e
Zfp296,f
Plin5,e
Dmrtc2,e
Dhdh,e
Zfp790,a
Fsd1,c
Fuz,a
Sptbn4,e
Pgam1,e
Evi5,a
Evi5l,b
Gltp,f
Bnip2,d
Ccnt1,d
Scarf2,b
Dhdds,b
Crybg2,e
Ubxn11,f
Wnt8a,e
Ehf,b
Nanog,f
Rpl15,e
Tmem167,a
Steap4,b
Kif11,f
Rpa3,e
Mlkl,e
Phox2b,b
Tnpo3,e
Cdh23,a
Rps5,e
Adgrl1,a
Amotl1,a
Etv5,e
Gfod2,a
Enkd1,e
Ptprs,a
Slc41a1,f
Iglon5,a
Igf2bp1,e
Tmem175,b
Bcas1,e
Tango2,d
Aldh1a2,a
Snx31,e
Atraid,b
Cad,f
Sh3bp5l,a
Pea15a,d
Timm23,e
Trnt1,e
Ly6g6e,f
Med16,a
St3gal1,b
Clip3,a
Trpv4,f
Klhl3,a
Dnajc7,f
Zfp385c,f
Cacybp,f
Zswim7,e
Pigl,f
Pam16,e
Glis2,b
Cox6c,e
Bicc1,b
Ube2z,f
Anapc1,a
Mertk,c
Piezo1,e
Rnf166,b
Ankrd28,e
Ankrd52,a
Srp19,e
Rbsn,a
Csf1,b
Strip1,a
Kif1a,c
Alx3,d
Cmc2,b
Chfr,f
Hoxa2,a
Fam120b,a
Psmb1,f
Pdcd2,e
Dll1,e
Nol3,b
Fhod1,b
Plekhg4,e
Slc9a5,c
Stc1,c
Msh3,e
E2f4,e
Surf4,b
Surf2,e
Dnajb9,b
Naf1,e
Yes1,f
Efr3a,d
Galns,b
Gata2,a
Entpd2,d
Ptgds,d
Edf1,e
Npdc1,b
Slc25a13,f
Ube2i,e
Tsr3,e
Lrrk1,b
Sirt2,b
Hnrnpl,e
Nolc1,e
Casd1,a
Cnksr3,e
Hmgb3,a
Cyp2j9,c
Abca1,a
Nipsnap3b,f
Lage3,e
Sash1,f
Gadd45b,f
Slamf1,e
Zdhhc12,f
Endog,f
Pcolce2,f
Trabd,c
Mov10l1,e
Cd83,d
Cltrn,b
Ace2,b
Notch4,f
Ppt2,d
Fam163a,b
Cacfd1,a
Hivep2,c
Itga2,b
Mocs2,a
Lpl,b
Atp6v0e,e
Zfp318,a
Ttbk1,c
Gata3,a
Gata5,a
Lama5,e
Steap2,c
Hspa8,f
Psma2,e
Setdb1,e
Arnt2,a
Prune1,f
Capza2,e
Plekho1,a
Vps45,b
Prpf3,f
Aph1a,d
Tab2,a
Ppil4,e
Eps8,f
Med22,c
Abo,e
Qdpr,e
Tnr,b
Sqstm1,f
Nfe2l2,f
Rxrg,e
Rxra,b
Adamtsl4,a
Prpsap1,e
Fam184b,b
Ncapg,e
Lcorl,b
Dstn,e
Gtf2ird2,a
Bola1,e
Castor2,a
Wnt11,d
Cacna1d,b
Actr8,e
Lrrc27,e
Stk32c,b
Fnta,f
Mtrex,d
Lbp,a
Celsr1,d
Fli1,a
Stard13,b
Camk1g,a
Utp25,e
H2-M3,e
Lonrf3,d
Prelid3b,f
Sertad4,c
Ube2a,f
Slc25a5,f
Ppdpf,a
Eef1a2,c
Mpped2,a
Wt1,a
E2f3,d
Cd34,b
Plgrkt,a
Cd274,e
Gtf3a,e
Lnx2,b
Dyrk3,f
Mapkapk2,a
Lamp2,b
Eif3d,e
H3f3b,c
Nup50,e
Nlrp14,e
Ift27,a
Pacsin2,d
Cmah,a
Scube1,b
Tox4,f
Mrps18c,f
Sulf1,b
Kctd2,b
Kctd5,e
Etaa1,f
Matn4,b
Sdc4,f
Il13ra1,b
Cyth1,a
Rnd3,b
Brca1,f
Cntnap1,b
Nt5c3b,b
Psmd3,e
Exosc10,f
Taok1,a
Tnnc2,e
Acot8,f
Mpp2,b
Vtn,b
Nlk,d
Traf4,c
Aldoc,f
Stac2,f
Rpl19,e
Cacnb4,b
Zfp207,f
Psmd11,e
C1qtnf1,b
Pipox,f
Timp2,b
Top2b,a
Rarb,a
Igfbp4,b
Cdc6,f
Suz12,f
Atad5,f
Crlf3,f
Tns4,d
Tnfaip1,b
Abr,b
Rab11fip4,f
Cd40,d
Zfp334,a
Elmo2,a
Wsb1,f
Ttpal,a
Rhbdl3,a
Ada,d
Serinc3,c
Tha1,b
Pgs1,e
Birc5,f
Afmid,b
Wfdc2,f
Etv4,e
Dbndd2,a
Slc12a5,b
Pltp,f
Slc12a7,f
Zswim1,f
Slc12a4,c
Crk,a
Cox7c,e
Mlx,f
Jph2,d
Ift52,f
Mybl2,f
Sgk2,e
B4galt5,d
Gdap1l1,c
Hnf4a,b
Ptgis,c
Ddx27,e
Cyth3,a
Rac3,b
Rrp7a,e
Cyb5r3,f
Ints2,e
H2bc4,b
Baiap2l2,e
Erbb3,e
Stard3,a
Mfng,f
Uchl5,e
Ro60,a
Stk4,e
Pmp22,b
Zcchc10,f
Tbx5,a
Psmb6,f
Tomm34,e
Gpx3,a
Anxa6,b
Zkscan6,a
Kpna2,e
Smurf2,a
Vezf1,a
Srsf1,e
Shroom1,d
Kif3a,a
Septin8,b
Mtmr4,a
Mrm1,f
Mapt,f
Kansl1,a
Myo1b,d
Ypel2,b
Akap1,f
Nol11,e
C1qbp,e
6330403K07Rik,a
Kcnab3,f
Chd3,a
Wnt9b,d
Adora2b,e
Cenpv,f
Pip4k2b,b
Trim37,e
Ctdnep1,a
Slc2a4,a
Gabarap,b
Cldn7,e
2810408A11Rik,a
Acadvl,b
G3bp1,e
Glra2,b
Tbx3,d
Dusp14,f
Tada2a,e
Ikzf1,f
Pnpo,f
Cbx1,e
Cdk5rap3,f
Copz2,b
Slc25a39,f
Sp2,f
Aatf,f
Lhx1,d
Dync1h1,f
Cpsf4l,f
Ndel1,b
Slc25a35,f
Zbtb4,b
Tnfsfm13,b
Mpdu1,f
Fxr2,e
Cd68,f
Acsl1,d
Abca5,b
Lsp1,a
Zfyve27,e
Avpi1,f
Sfrp5,f
Myh11,b
Rad51d,e
Unc45b,e
Pank3,a
Wwc1,e
Mrpl58,f
Sult4a1,e
Mrpl45,f
Irf1,e
P4ha2,c
Alox12e,f
Arrb1,c
Cxcl16,c
Pelp1,f
Alox15,e
Natd1,a
Hoxb1,d
Sart3,e
E2f2,f
Slfn3,e
Slc35b4,b
Dnah1,b
Fis1,a
Plod1,b
Rab3d,b
Mfsd3,f
Aldh3a1,f
Scrn1,a
Isyna1,e
Hars2,b
Tmem160,f
Mdh2,e
H13,d
Rnf145,a
Atp6v1e1,f
Chtf18,f
Lhx9,a
Rps6kl1,f
Ahr,e
Map1s,e
Dpep1,a
Tmem129,b
Nop9,e
Hsd17b1,e
Psmc3ip,e
Grb7,e
Gdpd2,b
Sec14l4,e
Cops3,e
Ffar3,f
Tlcd1,e
Plscr3,b
Ptger1,b
Arhgef25,b
Xab2,e
Rab4a,f
Trip10,f
Cops6,f
Ap4m1,a
Rcn3,b
Slc6a8,f
Pdk4,f
Cyb561,f
Sema6a,e
Ccdc12,e
Fmc1,f
Akt3,a
Mrpl24,e
L3hypdh,b
Syne4,e
Polr2i,e
Krt10,a
Ccdc170,f
Esr1,b
Vip,b
Fbxo5,e
Rgs17,b
Frk,a
Clvs2,a
Hey2,d
Stxbp5,d
Trmt11,d
Katna1,d
Lrp11,e
Mtres1,e
Sec63,a
Snx3,f
Adat2,f
Pex3,f
Cep57l1,f
Ltv1,e
Plagl1,b
Utrn,d
Wasf1,a
Rab32,b
Rev3l,b
Fyn,a
Tube1,f
Lama4,b
Popdc3,f
Prep,f
Tnfaip3,d
Perp,d
Hebp2,d
Fam184a,a
Asf1a,e
Qrsl1,e
Rtn4ip1,e
Crybg1,d
Vta1,f
Smpdl3a,b
Reep3,b
Fabp7,a
Serinc1,a
Hsf2,f
Rspo3,b
Echdc1,a
Nts,b
Dcbld1,f
Slc6a15,e
Lama2,a
Lin7a,b
P4ha1,d
Septin10,a
Ube2d1,a
Dcn,b
Kera,b
Epyc,b
Cdk1,f
Atp2b1,a
Rhobtb1,b
Arid5b,f
Actr6,e
Dusp6,e
Tmpo,a
Kitl,b
Psen1,a
Sgk1,f
Ikbip,b
Hbs1l,e
Myb,e
Med23,a
Ahi1,c
Arg1,a
Enpp3,e
Pde7b,b
Mtfr2,f
Map7,f
Ccn2,f
Stx7,a
Moxd1,b
Pex7,e
Ifngr1,a
Hal,f
Snrpf,e
Ntn4,a
Usp44,e
Fgd6,d
Tmcc3,c
Socs2,f
Nudt4,d
Nuak1,b
Tcp11l2,b
Cry1,e
Timp3,b
Ascl1,a
Igf1,b
Sycp3,e
Mybpc1,d
Sirt1,f
Herc4,f
Mypn,f
Ddx21,e
Ddx50,a
Srgn,f
Vps26a,f
Supv3l1,e
Fam241b,e
Aifm2,b
Macroh2a2,a
Sar1a,b
Ppa1,e
Eif4ebp2,e
Pald1,d
Pcbd1,c
Slc29a3,b
Vsir,a
Slc16a7,b
Ddit4,e
Micu1,b
Pno1,e
Plek,b
Srgap1,b
Egfr,b
Avpr1a,b
Usp15,e
Vps54,d
Tbc1d15,e
Apc2,b
Thap2,a
Lgr5,d
Slc1a4,d
Dock2,e
Rab1a,f
Gamt,b
Actr2,f
Ndufs7,e
Ptprb,d
Pwwp3a,d
Meis1,a
Tcf3,a
Frs2,a
Yeats4,d
Cobl,f
Rab36,a
Adora2a,b
Snrpd3,e
Nav3,a
Ddc,b
Cpm,a
Mdm2,e
Csrp2,f
Osbpl8,d
Mknk2,d
Zpbp,b
Phlda1,d
Sf3a2,f
Jsrp1,a
Timm13,e
Vps13d,b
Llph,e
Tmbim4,e
Slc5a4b,e
Irak3,f
Helb,f
Prmt2,a
Dip2a,b
Col6a2,b
Hcfc2,b
Nfyb,e
Txnrd1,e
Glt8d2,b
Aldh1l2,c
Pofut2,b
Appl2,b
Sumo3,c
Hint1,f
Fbxw11,a
Stk10,e
Papolg,f
Rel,d
Pfkl,e
Pus10,d
Rhbdf1,d
Pex13,f
Cfap410,a
Ahsa2,a
Xpo1,e
Nsg2,c
Stc2,e
Asb3,b
Cdc34,e
Chac2,c
Erlec1,b
Shc2,b
Wdpcp,a
Fstl3,c
Ccng1,e
Nudcd2,e
Hmmr,e
Hcn2,f
Zfp354b,a
Cyfip2,a
Mgat1,b
Sgcd,a
Hnrnpab,f
Phykpl,c
Hspa4,f
Cnot6,a
Gfpt2,f
Zfp354a,a
Canx,e
Rack1,e
Rufy1,a
Rnf130,b
Rad50,e
Sar1b,f
Jade2,e
Pdlim4,d
Cdkl3,a
Ube2b,c
Cdkn2aipnl,f
Kremen1,d
Nefh,f
Med7,e
Tnip1,f
Vdac1,f
Upp1,f
Nipal4,b
Hus1,f
Pttg1,f
Hormad2,f
Tns3,b
Btg2,d
Castor1,f
Igfbp3,a
Pes1,e
Tcn2,b
Osbp2,d
Gabrg2,b
Smtn,b
Arf5,b
Guk1,c
Npc1l1,e
Limk2,d
Patz1,f
Drg1,f
Rtn4,f
Mtif2,e
Rps27a,f
Cfap36,f
Pnpt1,e
Efemp1,c
Pold2,e
Aebp1,b
Pgam2,e
Mrps24,e
Ccdc117,f
Septin4,a
2810021J22Rik,a
Ska2,a
Prr11,a
Mrpl22,e
Rps6kb1,a
Galnt10,d
Rnft1,e
Mfap3,a
Fam114a2,f
Gria1,b
Znhit3,e
Myo19,d
Prpsap2,e
Ggnbp2,f
Shmt1,f
Llgl1,a
Tom1l1,d
Myocd,b
Stxbp4,a
Elac2,e
Pctp,d
Polr1f,e
Efcab10,f
Atxn7l1,a
Atp6v1c2,f
Pdia6,f
Nampt,d
Pik3cg,b
Nbas,b
Agr2,b
Matn3,e
Laptm4a,b
Cyria,c
Snx13,a
Lpin1,f
Nrcam,e
Trib2,b
Arsg,b
Lratd1,b
Apob,b
Amz2,b
Gna13,f
Prkar1a,a
Abca8b,a
Rdh14,a
Map2k6,a
Klhl29,a
Adi1,e
Rnaseh1,e
Ubxn2a,f
Fkbp1b,d
Pfn4,a
Rnf144a,b
Id2,a
Ncoa1,b
Dus4l,e
Rrm2,f
Bcap29,f
Cenpo,e
Adcy3,c
Efr3b,c
Cbll1,f
Dnmt3a,c
Kif3c,a
Rab10,b
Sntg2,b
Pxdn,b
Ccl11,b
Hnf1b,b
Ace,f
Rasl10b,b
Cdc27,a
Efcab3,a
Mettl2,a
Nle1,e
Mrc2,b
Rffl,e
Tmem132e,b
Asic2,b
Ddx42,f
Ftsj3,e
Rnf135,f
Psmc5,e
Adap2,f
Nf1,a
Pecam1,f
Psmd12,e
Helz,f
Cacng4,b
Cep112,a
Grin2c,a
Nup85,e
Gga3,e
Cluh,f
Mif4gd,f
Slc25a19,f
Tmem94,a
Recql5,e
Unk,a
Trim47,f
Aspa,f
Mrpl38,e
Fbf1,a
Acox1,b
Tsen54,f
Llgl2,f
Ankfy1,b
Exoc7,b
Tekt1,a
Ube2o,f
Slc13a5,f
Rhbdf2,e
Pimreg,c
Cygb,b
Mxra7,c
Mfsd11,b
Kif1c,b
Pld2,b
0610010K14Rik,e
Coro6,f
Cpd,b
Nxn,f
Rflnb,b
Rph3al,b
Doc2b,b
Ywhae,f
Nme2,e
Spag9,b
Abcc3,b
Cacna1g,b
Spata20,b
Lrrc59,e
Slc35b1,f
Hoxb9,d
Snx11,e
Cacnb1,b
Fbxl20,a
Dlg4,a
Nr1d1,d
Aloxe3,f
Vamp2,b
Tmem107,e
Aurkb,f
Pfas,e
Myh10,a
Ntn1,f
Cfap52,d
Usp43,e
Myh3,e
Krt19,b
Top2a,e
Acly,f
Kat2a,e
Stat5b,b
Lsm12,e
Ubtf,f
Ccdc43,f
Adam11,a
Eftud2,e
Ccdc103,a
Nmt1,e
Plcd3,f
Efcab15,e
Gosr2,b
Klhl28,b
Fkbp3,f
Foxg1,f
Coch,e
Strn3,a
Dtd2,f
Gtf2a1,a
Tshr,a
Sel1l,b
Pole2,f
Klhdc2,a
Nemf,d
L2hgdh,e
Mia2,d
Galc,a
Npas3,a
Ttc8,a
Polr2h,e
Prorp,f
Psma6,e
Nfkbia,f
Ralgapa1,a
Ngb,e
Gstz1,b
Sptlc2,d
Ahsa1,e
Slirp,e
Mthfd1,f
Tex21,e
Akap5,b
Sptb,e
Fut8,a
Atl1,b
Sav1,a
Nin,a
Pygl,d
Trim9,a
Tmx1,c
Timm9,e
Rtn1,b
Dhrs7,e
Gsc,f
Clmn,d
4930447C04Rik,e
Mnat1,e
Hif1a,d
Snapc1,d
Atp6v1d,d
Vrk1,e
Eif2s1,e
Plek2,e
Pigh,a
Zfp36l1,b
Galnt16,a
Erh,e
Srsf5,e
Smoc1,f
Pacs2,b
Mta1,c
Wdr37,a
Gtpbp4,e
Zmynd11,b
Psmc1,e
Nrde2,f
Ccdc88c,e
Dglucy,f
Fbln5,b
Trip11,a
Atxn3,f
Chga,f
Pfkp,f
Unc79,b
Asb2,f
Otub2,e
Akr1c13,f
Tshz3,a
Gdi2,e
Rgs6,b
Dpf3,a
Dcaf4,e
Papln,b
Acot2,a
Fam161b,a
Coq6,f
Entpd5,b
Aldh6a1,b
Abcd4,e
Npc2,d
Fcf1,e
Mlh3,f
Fos,d
Tgfb3,b
Gpatch2l,b
Esrrb,f
Vash1,b
Angel1,f
Ccnk,e
Cyp46a1,b
Evl,a
Slc25a29,a
Wars1,e
Hsp90aa1,f
Zfp839,f
Fdft1,f
Cinp,e
Traf3,a
Amn,e
Cdc42bpb,a
Eif5,e
Ppp1r13b,b
Zfyve21,b
Klc1,b
Kif26a,a
Hecw1,b
Ggps1,a
Gng4,b
Gpr137b,f
Mtr,f
Amph,d
Gli3,a
Aoah,f
Trim27,e
Zkscan3,a
Prl7d1,b
Tfap2a,f
Gcnt2,f
Mak,e
Elovl2,a
Nedd9,d
Hivep1,a
Edn1,f
Tbc1d7,a
Mcur1,f
Cap2,a
Nup153,e
Id4,f
Barx1,b
Ippk,e
Ogn,b
Cenpp,e
Nol8,e
Spin1,a
Wrnip1,e
Serpinb9b,f
Ripk1,b
Pxdc1,e
Eci2,b
Rpp40,e
Slc35b3,b
Sema4d,e
Gadd45g,e
Fbp2,f
Syk,a
Auh,f
Fancc,f
Ror2,a
Msx2,d
Ercc6l2,a
Habp4,b
Prxl2c,a
Mxd3,b
Prelid1,e
Pdlim7,c
Ddx41,e
Fam193b,a
Pcbd2,b
Txndc15,b
Ddx46,e
Caml,b
B4galt7,b
Pitx1,a
Cxcl14,f
Zfp729a,a
Uqcrb,f
Fastkd3,d
Adcy2,b
Smad5,a
Ccnh,e
Naa35,f
Golm1,d
Agtpbp1,a
Dapk1,a
Nkd2,e
Trip13,e
Cep72,e
Tppp,b
Ahrr,f
Pdcd6,f
Sdha,f
Ccdc127,a
Erap1,e
Pcsk1,f
Rhobtb3,a
Glrx,f
Arsk,b
Srd5a1,a
Nsun2,e
Mctp1,b
Ndufs6,f
Mrpl36,e
Clptm1l,b
Hapln1,a
Vcan,a
Xrcc4,f
Rad17,e
Ocln,e
Gtf2h2,e
Serf1,a
Smn1,e
Mccc2,c
Cartpt,b
Ptcd2,f
Btf3,e
Arhgef28,c
Hexb,f
Gfm2,e
Hmgcr,f
Iqgap2,b
F2rl1,e
Ap3b1,d
Scamp1,d
Jmy,a
Dimt1,e
Elovl7,d
Depdc1b,f
Rab3c,b
Thbs4,c
Serinc5,d
Mtx3,a
Zfyve16,a
Dhfr,f
Erbin,a
Nln,f
Trappc13,f
Cenpk,a
Rgs7bp,b
Rnf180,a
Parp8,a
Emb,e
Hcn1,c
Mrps30,f
Fgf10,b
Slc4a7,d
Psmd6,e
Atxn7,a
Cfap20dc,d
Pdhb,e
Fam107a,a
Kctd6,f
Il6st,b
Ddx4,e
Gpx8,a
Cspg4b,f
Fst,d
Kat6b,f
Vdac2,e
Comtd1,e
Ngly1,a
Prxl2a,a
Glud1,e
Bmpr1a,a
Ldb3,e
Cdhr1,f
Nid2,f
Rtraf,e
Nudt13,a
Ecd,e
Anxa7,e
Zswim8,a
Camk2g,a
Plau,b
Txndc16,a
Ero1a,e
Psmc6,d
Samd4,a
Otx2,e
Slc35f4,b
Anxa11,e
Ppif,e
Rnase4,b
Arf4,b
Hacl1,b
Eaf1,e
Sh3bp5,b
Arhgef3,e
Btd,b
Phf7,c
Sema3g,b
Nisch,a
Ogdhl,d
Glt8d1,a
Chat,b
Kpna3,e
Rnaseh2b,f
Gdf10,b
Gata4,a
Prkcd,d
Anxa8,f
Eef1akmt1,e
Xpo4,e
Tdh,f
Tkt,e
Pinx1,e
Lats2,b
Sap18,a
Mrpl57,e
Zdhhc20,a
Hmbox1,a
Micu2,a
Fgf9,a
Extl3,d
Atp8a2,b
Amer2,a
Mtmr6,b
Mipep,e
Wnt5a,d
Lcp1,f
Slc25a30,f
Nufip1,e
Dnajc15,e
Tnfsf11,e
Rgcc,f
Tdrd3,a
Naa16,e
Diaph3,f
Sugt1,f
Cnmd,d
Elp3,e
Esco2,e
Ccdc25,e
Clu,b
Ephx2,f
Trim35,b
Stmn4,b
Dpysl2,a
Bnip3l,a
Ppp2r2a,e
Ebf2,b
Nefm,a
Nefl,a
Entpd4b,b
Bora,f
Tnfrsf10b,f
Klhl1,b
Pdlim2,c
Sorbs3,b
Ppp3cc,a
Slc39a14,e
Fhip2b,d
Hr,f
Bmp1,b
Dmtn,d
Fgf17,d
Dok2,e
Gfra2,b
Rcbtb2,a
Itm2b,b
Sucla2,f
Uchl3,e
Gpc5,e
Spry2,f
Obi1,a
Ednrb,b
Fbxl3,b
Tgds,e
Mbnl2,b
Nup155,e
Gdnf,b
Osmr,b
Dab2,b
Rab2b,b
Lrp10,b
Rem2,c
Haus4,f
Ajuba,e
4931414P19Rik,b
Slc7a8,c
Fbxo4,b
Oxct1,b
Drosha,e
Psmb5,e
Pabpn1,e
6030458C11Rik,e
Pdzd2,b
Slc22a17,b
Zfr,a
Efs,c
Ngdn,f
Sub1,e
Npr3,a
Jph4,e
Dhrs4,f
Carmil3,a
Fitm1,e
Psme1,d
Emc9,f
Tgm1,f
Adcy4,b
Ripk3,f
Sdr39u1,b
Atp12a,f
Sema5a,a
Cct5,e
Cmbl,a
Ropn1l,a
Ankrd33b,f
Amacr,f
Skor1,e
Brix1,e
Rad1,e
Nadk2,e
Laptm4b,b
Trio,c
Ank,e
Marchf11,a
Retreg1,f
Myo10,e
Rnf19a,d
Pabpc1,d
Grhl2,e
Rrm2b,f
Atp6v1c1,f
Baalc,b
Slc25a32,e
Dcaf13,e
Dpys,f
Lrp12,a
Zfpm2,b
Oxr1,f
Angpt1,a
Csmd3,a
Utp23,e
Cdh10,a
Rida,a
Matn2,b
Pop1,f
Emc2,f
Eny2,a
Ebag9,d
Kcnv1,a
Myc,e
Sqle,e
Mtss1,d
Fbxo32,a
Zhx1,a
Tbc1d31,d
Has2,a
Mtbp,e
Col14a1,b
Adcy8,d
Asap1,b
Cyrib,f
Wnt7b,f
Ppara,b
Gtse1,e
Brd1,f
Tef,d
Rangap1,e
L3mbtl2,e
St13,d
Adsl,e
Fam83f,e
Mief1,f
Tab1,a
Syngr1,f
Cacna1i,d
Deptor,e
Dnal4,a
Dscc1,f
Enpp2,c
Tomm22,e
Dmc1,e
Smc1b,e
Csnk1e,d
Fam118a,e
Samm50,e
C1qtnf6,b
Ttll1,e
Myh9,f
Adamts20,a
Twf1,f
Naga,b
Wbp2nl,f
Septin3,a
Srebf2,e
Slc38a4,d
Rpap3,e
Rapgef3,f
Xrcc6,e
Desi1,d
Pmm1,f
Hdac7,a
Polr3h,e
Aco2,f
Hoxc10,a
Hoxc5,d
Gtsf1,e
Nckap1l,f
Pde1b,f
Ppp1r1a,e
Shisa9,b
Nubp1,f
Emp2,a
Bcl6,d
Cldn1,c
Il1rap,a
Anks3,b
Mgrn1,b
Crebbp,a
Fgf12,a
Zfp251,a
Hes1,d
Zfp263,f
Atp13a3,e
Tmem44,a
Lsg1,e
Eef2kmt,f
Ercc4,f
Apod,d
Adck5,f
Cyc1,e
Hgh1,e
Bop1,e
Mroh1,d
Grina,d
Gfus,f
Naprt,c
Gsdmd,b
Ly6h,b
Gpihbp1,b
Rhpn1,b
Ly6e,f
Lynx1,b
Lypd2,d
Zbtb11,e
Arc,e
Mapk12,e
Lmf2,b
Chkb,b
Arsa,b
Rabl2,a
Shank3,b
Kif21a,e
Yaf2,a
Zcrb1,c
Alcam,b
Cblb,a
Bbx,c
Morc1,f
Tagln3,b
Cd200,b
Slc35a5,b
Ccdc80,b
Gtpbp8,a
Prkdc,e
Mcm4,f
Ube2v2,e
Snai2,a
Nde1,d
Mpv17l,f
Rrn3,e
Pla2g10,e
Bfar,b
Parn,e
B3gnt5,a
Boc,b
Sidt1,d
Naa50,e
Ccdc191,e
Hira,e
Qtrt2,e
Mrpl40,e
Gbe1,a
Zbtb20,a
Usp7,f
Pmm2,f
Tmem114,d
Crybg3,b
Riox2,e
Gsc2,f
Cpox,e
Cldnd1,b
St3gal6,d
Cmss1,e
Tbc1d23,b
Klhl22,f
Tomm70a,e
Tmem45a,c
Adgrg7,d
Thap7,b
Lztr1,b
Ncam2,a
Aifm3,e
Sdf2l1,f
Senp5,a
Ypel1,a
Top3b,e
Spag6l,e
Dnm1l,d
Igsf11,a
Tnk2,f
Yars2,e
B4galt4,a
Tfrc,f
Arhgap31,b
Lrch3,a
Lmln,e
Popdc2,a
Cfap91,f
Nr1i2,f
Zfp148,a
Gsk3b,a
Umps,e
Fstl1,b
Itgb5,b
Ndufb4,f
Abcc5,f
Rabl3,a
Gtf2e1,c
Stxbp5l,b
Hcls1,b
Ccdc14,e
Mylk,b
Iqcb1,f
Adcy5,b
Ece2,f
Clcn2,e
Pdia5,f
Hspbap1,e
Ehhadh,f
Senp2,e
Tmem41a,e
Tra2b,e
Chodl,a
Dgkg,e
Btg3,d
D16Ertd472e,f
Cxadr,a
Usp25,a
Ahsg,f
Fetub,f
Samsn1,a
Rfc4,e
Robo1,b
St6gal1,a
Prl2a1,b
Masp1,a
Mrpl39,f
App,b
Adamts1,a
Adamts5,b
Slc15a2,d
Ildr1,f
Kpna1,f
Parp9,e
Psmg1,f
Brwd1,f
Grik1,b
Fam3b,e
Pigp,f
Chaf1b,e
Cbr3,e
Setd4,e
Clic6,d
Rcan1,f
Runx1,d
Itsn1,a
Donson,e
Gart,e
Tmem50b,f
Ifngr2,b
Ifnar1,a
Il10rb,b
Ifnar2,b
Cfap298,e
Paxbp1,d
Mis18a,f
Sod1,f
Zfp641,b
Kansl2,f
Adcy6,a
Enah,f
Lmbr1l,f
Tuba1b,e
Prpf40b,a
Fmnl3,b
Nckap5l,a
Faim2,c
Asic1,b
Smarcd1,e
Lima1,f
Larp4,e
Dip2b,a
Atf1,e
Slc11a2,e
Slc4a8,f
Scn8a,f
Nr4a1,d
Pcdhgc4,b
Krt7,c
Krt18,e
Soat2,e
Igfbp6,b
Prr13,f
Map3k12,a
Tarbp2,e
Calcoco1,a
Sncg,b
Rttn,f
Cdkn1a,d
Mospd1,d
Akirin1,f
Cxcl13,b
Noct,e
Abcc1,e
Msrb2,f
Denr,e
Prmt5,e
Nagpa,f
Ivns1abp,d
Rpp14,e
Vwa5a,c
P3h3,b
Il15ra,e
Epb42,a
Serping1,b
Ccl25,d
Scg5,b
Kcnk5,f
Parp3,b
Acy1,f
Frs3,f
Creld2,e
Cd4,f
Twf2,e
Ube2j2,e
Ache,b
Gcm1,e
Poc1a,f
Trip6,c
Tmem176a,b
Slc17a9,f
Stk31,f
Nfatc4,a
Esx1,e
Pisd,e
Tpi1,e
Rab12,b
Prph,c
Pcbp4,c
Cdca3,f
C1qtnf12,a
Ccndbp1,f
Rhebl1,e
Sfi1,a
Pigx,a
Tiam2,f
Synj2,b
Rsph3b,a
Rps6ka2,c
Prkn,e
Agpat4,a
Slc22a3,a
Chd1,e
Pde10a,b
Zfp54,c
Thbs2,b
Smoc2,b
Zscan10,e
Mmp25,e
Tnfrsf12a,e
Cldn6,e
Pkmyt1,f
Paqr4,b
Flywch2,b
Slc25a27,a
Pla2g7,b
Tnfrsf21,f
Tbc1d5,c
Satb1,a
Efhb,f
Cdc5l,f
Spats1,f
Aars2,f
Sgo1,f
Slc29a1,d
Hsp90ab1,e
Slc5a7,b
Vegfa,d
Gtpbp2,a
Clic5,c
Enpp5,b
Enpp4,f
Cyp39a1,a
Calcr,c
Fbxl17,d
Rsph9,a
Rrp36,e
Ptk7,d
Cnpy3,f
Taf8,f
Pgc,f
Bysl,e
Tfeb,f
Foxp4,a
Tspo2,f
Kif6,d
Brd4,f
Stk38,f
Ppil1,f
Cpne5,f
Mtch1,b
Pim1,e
Ccdc167,a
Glo1,e
Glp1r,e
Abcg1,e
Rsph1,e
Slc37a1,f
Wdr4,e
Cbs,f
Sik1,f
Arhgap28,a
Epb41l3,b
Akap8,f
Wiz,a
Lpin2,a
Smchd1,a
Ndc80,a
Lbh,a
Galnt14,a
Ehd3,f
Dpy30,e
Spast,b
Prkd3,a
Crim1,a
Ttc27,e
Eif2ak2,a
Cebpz,e
Pja2,a
Qpct,f
Cyp1b1,b
Vapa,e
Ralbp1,f
Srsf7,e
Twsg1,b
Ndufv2,f
Washc2,d
Nrxn1,b
Cacna1h,b
Prss41,e
Tedc2,f
Lrpprc,e
Atp6v0c,f
Pdpk1,f
Prepl,c
Abca3,b
Eci1,f
Srbd1,e
Epas1,f
Rhoq,b
Pigf,e
Msh2,f
Hagh,f
Spsb3,f
Mapk8ip3,b
Jpt2,e
Tmem204,b
Ift140,a
Sox8,b
Nme4,e
Pgap6,f
Mrpl28,e
Fam234a,b
Luc7l,e
Dusp1,d
Phf1,a
Kdm4b,a
Rfx2,f
Uqcc2,f
Acsbg3,f
Mllt1,a
Snrpc,e
Zfp523,a
Fkbp5,e
Cul2,f
Bambi,a
Mtpap,e
Svil,b
Zeb1,a
Epc1,a
Tmem178,b
Pkdcc,b
Thada,e
Dync2li1,a
Abcg8,a
Adcyap1,a
Slc25a46,b
Syt4,b
Adad2,e
Celf4,d
Slc39a6,a
Elp2,e
2700062C07Rik,f
Zfp397,a
Wac,a
Ccny,a
Thoc1,d
Esco1,d
Mib1,a
Zfp871,a
Adamts10,b
Myo1f,f
Kifc5b,f
Dtna,e
Cdh2,a
Pfdn6,e
Wdr46,e
Mep1b,f
Rnf138,f
Ring1,a
Dsc2,d
Psmb8,e
Tap2,e
Pfdn1,f
Psd2,c
Sting1,b
Dnajc18,a
Spata24,c
Mzb1,e
Slc23a1,e
Hspa9,e
Etf1,e
Gfra3,a
Nelfe,e
Cdc23,f
C2,d
Epb41l4a,f
Stard4,e
Bin1,b
Ercc3,e
Map3k2,b
Csnk2b,e
Myo7b,b
Apom,f
Prrc2a,c
Wdr33,e
Atp6v1g2,a
Riok3,f
Pou5f1,f
Psors1c2,e
Rmc1,f
Npc1,f
Zfp521,a
Lama3,f
Dhx16,f
Ttc39c,f
Ndfip1,e
Atat1,a
Spry4,d
Gnl1,f
Nr3c1,b
Mrps18b,e
Pcdh12,b
Rpp21,e
Arap3,b
Diaph1,f
H2-M5,f
Gabbr1,b
Dcp2,f
Pggt1b,a
Mal2,e
Ap3s1,a
Hbegf,d
Yipf5,b
Rbm27,e
Pou4f3,e
Tcerg1,e
Ppp2r2b,b
Dpysl3,b
Jakmip2,e
Dtwd2,f
Rab27b,b
Mbd2,b
Sec11c,f
Pmaip1,e
Gnal,f
Impa2,f
Cidea,f
Afg3l2,f
Srfbp1,e
Lox,b
Sncaip,b
Snx24,a
Ppic,b
Ptpn2,e
Cep192,f
Ldlrad4,b
Setbp1,a
Me2,e
Mapk4,e
Mbd1,b
Sall3,d
Atp9b,b
Rbfa,f
Txnl4a,e
Pcyox1l,e
Napg,f
Txnl1,e
Lmnb1,f
C330018D20Rik,a
Megf10,a
Prrc1,f
Slc12a2,f
Fbn2,a
Slc27a6,a
Isoc1,b
Dctn4,a
Rps14,e
Cd74,e
Tcof1,e
Tmx3,d
Cdx1,d
Pdgfrb,b
Gnaq,a
Psat1,e
Tle4,e
Cndp2,f
Timm21,c
Cbln2,a
Asrgl1,f
Incenp,f
Rab3il1,b
Fads3,b
Fads2,e
Cd6,e
Ms4a4d,d
Mrpl16,e
Fam111a,c
Zfp91,a
Gna14,d
Pcsk5,b
Ostf1,f
Carnmt1,f
Ms4a10,e
Ccdc86,e
Tmem132a,a
Pga5,f
Ddb1,f
Fen1,e
Aldh1a7,b
Cemip2,e
Atl3,b
Naa40,f
Cdc42bpg,e
Ehd1,f
Ppp2r5b,b
Fas,a
Lipa,b
Ak3,a
Rcl1,e
Majin,e
Jak2,a
Sac3d1,f
Cdca5,e
Kif20b,e
Tm7sf2,f
Rpp30,e
Pcgf5,e
Mlana,f
Il33,b
Tjp2,e
Frmd8,e
Uhrf2,d
Rad9a,f
Gldc,e
Mrpl21,e
Rps6kb2,a
Pola2,f
Coro1b,d
Dmrt1,e
Eif1ad,e
Cabp4,f
Chka,e
Banf1,e
Pitpnm1,d
Pold4,b
Pacs1,b
Cdk2ap2,f
Grk2,e
Pip5k1b,f
Dkk1,d
Rab1b,c
Doc2g,d
Cnih2,c
Rin1,e
Asah2,b
Rce1,e
Slc29a2,e
Apba1,b
Papss2,b
Mrpl11,e
Tesmin,e
Efemp2,b
Fosl1,e
Smarca2,b
Vldlr,d
Rela,b
Slc1a1,f
Ehbp1l1,b
Fam89b,a
Ltbp3,b
Scyl1,b
Capn1,f
Smc5,d
Sf1,f
Prdx5,b
Esrra,f
Gpr137,b
Bad,b
Vegfb,b
Dnajc4,f
Fermt3,f
Stip1,e
Rcor2,f
Smc3,e
Pdcd4,a
Gpam,b
Vti1a,a
Tcf7l2,a
Hhex,f
Cyp26a1,d
Cep55,f
Rbp4,b
Eif3a,d
Noc3l,e
Hells,e
Aldh18a1,e
Ccnj,a
Tm9sf3,b
Lcor,d
Smndc1,e
Mxi1,f
Add3,b
Xpnpep1,f
Trim8,f
Sfxn2,f
Maoa,d
Efhc2,f
Fundc1,b
Pdcd11,e
Taf5,e
Pcgf6,e
Nr0b1,f
Gk,f
Col17a1,b
Gsto1,f
Gsto2,a
Habp2,b
Tdrd1,e
Vwa2,e
Gfra1,a
Ccdc172,e
Pnliprp2,a
Hspa12a,a
Slc18a2,a
Btbd1,a
Hdgfl3,a
Bnc1,a
Bhlhe22,b
Ints4,f
Alyref,e
Pycr1,d
Aspscr1,f
Lrrc45,d
Maged1,a
Fasn,e
Arhgap19,e
Dus1l,e
Gps1,f
Mms19,f
Slc16a3,e
Csnk1d,a
Cd7,e
Rab40b,b
Ubtd1,f
Fn3k,b
Hoga1,d
Loxl4,d
Cnnm1,e
Got1,e
Cpn1,f
Cyp2c23,e
Chuk,e
Cwf19l1,e
Scd3,e
Ndufb8,f
Sema4g,b
Mrpl43,e
Twnk,e
Sfxn3,b
Kazald1,b
Tlx1,f
Btrc,f
Oga,e
Kcnip2,d
Gbf1,a
Nfkb2,d
Mfsd13a,d
Sufu,a
Adpgk,e
Limd1,a
Fyco1,a
Lztfl1,a
Zfhx4,a
Ribc1,e
Huwe1,e
Fam120c,b
Fgd1,f
Gnl3l,e
Maged2,a
Apex2,e
Tro,a
Flnb,d
Polr3a,e
Sat1,d
Acot9,f
Rps24,d
Ptprj,d
Car5a,f
Jph3,c
Itgb8,d
Sp4,a
Atp10a,e
Ube3a,a
Padi3,e
Padi4,f
Kdm5c,e
Gpr143,f
Sbds,e
Rabgef1,f
Itga7,f
Gdf11,a
Ormdl2,e
Mmp19,f
Dgka,f
Cdk2,f
Pmel,f
Rps26,e
Pa2g4,e
Esyt1,f
Smarcc2,a
Cdh9,c
Baiap2,b
Nabp2,d
Aatk,b
Il23a,e
Faap100,b
Prim1,f
Tac2,a
Myo1a,f
Nab2,b
Shmt2,e
R3hdm2,a
Gli1,b
Ddit3,e
Ttc4,f
Pip4k2c,d
Katnal2,c
Agap2,b
Pias2,f
Pstpip2,e
Crisp1,e
Usp33,d
Clns1a,e
Paip1,a
Nnt,a
Paox,e
Zfp511,e
Adgra1,b
Inpp5a,b
Dpysl4,a
Syce1,f
Urah,f
Ric8a,f
Psmd13,f
Ifitm1,d
Ifitm3,f
Sigirr,f
Ptdss2,e
Irf7,d
Hras,e
Taldo1,f
Tmem80,a
Pidd1,e
Rplp2,e
Pnpla2,e
Cd151,e
Tspan4,c
Chid1,b
Tmem192,f
Zfp711,a
Chm,f
Crcp,e
Asl,e
Phkg1,f
Clybl,f
Fgf14,a
Farp1,b
Slc15a1,f
Tnrc6c,a
Tmc6,f
Cant1,b
Cbx8,a
Gaa,b
Eif4a3,e
Nptx1,b
Pde8a,f
Cpeb1,e
Tma16,e
Dach2,a
Klhl4,b
Zfp202,a
Copg2,f
Cct8,e
Usp16,d
Phf6,a
Shisa5,d
Pfkfb4,a
Uqcrc1,f
Arhgef9,a
Cnksr2,d
Rps6ka6,e
Tmem47,c
Alox5,e
Marchf8,b
Wdr73,e
Slc28a1,f
Pigq,d
Mettl26,d
Mcrip2,e
Rhot2,e
Jmjd8,a
Fbxl16,b
Prps2,e
Sdc3,b
Tyms,f
Hspa4l,e
Plk4,e
Larp1b,f
Jade1,f
D3Ertd751e,a
Crispld1,d
Gdap1,b
Ly96,a
Itih5,b
Taf3,f
Exosc7,e
Zdhhc3,c
St8sia2,a
Slco3a1,a
Pgm1,d
Slc25a10,c
Rpl14,e
Rassf3,e
Ccdc7a,f
Itgb1,a
Nrp1,a
Pard3,a
Homer2,e
Dhtkd1,d
Nudt5,e
Zfp282,a
Pdia4,f
Pramel6,f
Pramel7,f
Fam20c,b
Prkar1b,b
Pdgfa,f
Dnaaf5,e
Get4,e
Xiap,a
Stag2,c
Cplx2,b
Nop16,e
Arl10,b
Thoc3,e
Faf2,a
Tspan17,e
Unc5a,b
Smad7,d
Myo5b,b
Casp12,b
Snca,c
Gria4,b
Kbtbd3,a
Aasdhppt,e
Alkbh8,a
Lypla1,f
Sntg1,a
Mybl1,f
Cops5,e
Stau2,a
Rdh10,b
Terf1,f
Msc,f
Paqr8,b
Eya1,b
Gsta3,f
Tram1,f
Lactb2,f
Slco5a1,f
Ube2w,b
Idh1,f
Crygc,f
Akr1cl,b
Mettl21a,c
Creb1,a
Klf7,c
Fastkd2,e
Adam23,d
Eef1b2,e
Ndufs1,e
Nrp2,d
Boll,e
Rftn2,b
Mob4,a
Hspd1,e
Coq10b,f
Sf3b1,f
Cps1,b
Slc40a1,c
Wdr75,e
Ikzf2,a
Acadl,b
Kansl1l,a
Rpe,f
Cd28,d
Raph1,d
Carf,a
Wdr12,e
Nop58,e
Sumo1,f
Stradb,a
Casp8,a
Cflar,a
Nif3l1,e
Orc2,e
Sgo2a,f
Col5a2,b
Col3a1,b
Poglut2,d
Tex30,e
Ecrg4,c
Khdrbs2,a
Ptp4a1,d
Il1r1,b
Eif5b,f
Mitd1,e
Cracdl,d
Stk17b,e
Asnsd1,e
Pms1,e
Mstn,a
Inpp1,a
Stat1,b
Nabp1,d
Tmeff2,a
Inpp4a,a
Cnga3,e
Zap70,f
Sema4c,a
Plekhb2,d
Cfc1,d
Imp4,e
Prim2,f
Col9a1,a
Tm4sf20,b
Fam135a,a
Sdhaf4,a
B3gat2,b
Agfg1,f
Nhej1,e
Sphkap,a
Wnt10a,d
Cyp27a1,d
Plcd4,d
Cnot9,e
Vil1,b
Ctdsp1,b
Slc11a1,f
Igfbp5,a
Xrcc5,f
Tmem169,b
Pecr,e
Atic,e
Fn1,d
Bard1,e
Ankzf1,d
Glb1l,b
Tuba4a,f
Dnajb2,b
Ptprn,e
Speg,a
Des,a
Dnpep,f
Obsl1,b
Trip12,f
Slc16a14,f
Sp100,f
Itm2c,b
2810459M11Rik,e
Psmd1,f
Ncl,e
Ptma,e
Pde6d,a
Farsb,e
Ecel1,b
Mrpl44,e
Serpine2,c
Chrnd,d
Eif4e2,f
Efhd1,d
Rnpepl1,b
Capn10,f
Ppp1r7,f
Stk25,a
Bok,c
Thap4,f
Dtymk,e
Ing5,e
Inpp5d,f
Atg16l1,f
Lrrfip1,c
Cdh7,a
Pam,b
Ccdc93,f
Slc35f5,b
Lypd1,d
Tmem163,d
Ccnt2,e
Mcm6,e
Rgs2,b
Cdc73,e
Cfh,b
Nifk,e
Tfcp2l1,f
Dbi,f
Steap3,e
Nek7,a
Nr5a2,f
Pfkfb2,b
Tmem9,b
Tnnt2,b
Tnni1,a
Csrp1,b
Eif2d,e
Ube2t,f
Rassf5,e
Slc45a3,f
Elk4,a
Cdk18,d
Rbbp5,f
Nfasc,e
Lrrn2,b
Chit1,d
Syt2,b
Klhl12,e
Cyb5r1,e
Adipor1,d
Tor1aip1,a
Xpr1,a
Stx6,a
Mr1,b
Rgs16,b
Lamc1,f
Lamc2,f
Ncf2,f
Rgl1,a
Niban1,f
Coq8a,f
Cdc42bpa,b
Ahctf1,e
Kif26b,b
Efcab2,b
Parp1,e
Mixl1,d
Cox20,a
Sdccag8,a
Capn2,a
Trp53bp2,a
Nvl,e
Tmem63a,d
Pycr2,f
Opn3,d
Fh1,f
Rgs7,a
Spta1,e
Dusp23,a
Cfap45,f
Slamf9,c
Copa,b
Dcaf8,a
Vangl2,a
Uck2,f
Tada1,a
Pou2f1,d
Mpc2,b
Dpt,b
Nme7,d
Atp1b1,f
Blzf1,e
F5,d
Kifap3,a
Prrx1,b
Astn1,a
Sec16b,c
Soat1,c
Smyd2,d
Ptpn14,e
Kctd3,e
Esrrg,a
Slc30a10,d
Bpnt1,d
Mark1,b
Nek2,f
Lpgat1,a
Pacc1,b
Atf3,d
Batf3,b
Traf5,b
Lamb3,c
Plxna2,b
Nmt2,d
Suv39h2,e
Fcgr2b,d
Frmd4a,b
Sephs1,c
Ucma,e
Mcm10,e
Optn,e
Ddr2,b
Ccdc3,b
Rgs5,a
Aldh9a1,e
Mgst3,b
Fmo4,b
Vamp4,b
Pigc,a
Prdx6,e
Dars2,e
Mrc1,c
Rabgap1l,a
Tnn,b
Cubn,a
Rsu1,b
Vim,a
Pter,a
Bmi1,a
Dnajc1,b
Mllt10,f
Plxdc2,a
Nek6,b
Psmb7,e
Nr5a1,b
Golga1,a
Arpc5l,e
Kif5c,c
Lypd6b,e
Mindy3,f
Itga8,b
Spopl,d
Yme1l1,e
Mastl,e
Acbd5,b
Pdss1,e
Pkn3,f
Apbb1ip,a
Zbtb43,f
Odf2,f
Lrsam1,b
Niban2,f
Stxbp1,b
Coq4,e
Med27,f
Ddx31,e
St6galnac6,b
Tsc1,b
Eng,f
Ak1,f
Ptges2,f
Ralgds,b
Kcnj3,c
Dnm1,b
Nr4a2,d
Gpd2,e
Galnt5,b
Gbgt1,f
Pierce1,f
Olfm1,a
Acvr1,b
Col5a1,b
Upp2,b
Lamc3,a
Fibcd1,a
Abl1,a
Fubp3,f
Tor1b,b
BC005624,e
Crat,b
Usp20,b
Dolpp1,f
Ntmt1,f
Kynu,e
Cutal,d
Zeb2,a
Phf19,c
Hc,f
Rab14,a
Gsn,b
Stom,b
Mrrf,a
Grb14,b
Rbm18,b
Gca,f
Ifih1,d
Psmd14,e
Strbp,e
Wdr5,f
Brd3,a
Egfl7,e
Agpat2,f
Notch1,d
Inpp5e,a
Pmpca,e
Entr1,e
Gpsm1,a
Nacc2,b
Lhx3,a
Tmem141,b
Mamdc4,c
Traf2,b
Abca2,c
Nmi,e
Neb,e
Sapcd2,d
Uap1l1,d
Dpp7,d
Grin1,f
Arl6ip6,e
Rbms1,a
Arrdc1,e
Zmynd19,e
Psd4,e
Ly75,f
Hnmt,c
Wdsub1,b
Pkp4,e
Galnt3,e
Nup35,e
Dusp19,c
Frzb,a
Dnajc10,a
Itprid2,b
Itga4,d
Slc25a12,f
Ube2e3,a
Cwc22,e
Cybrd1,b
Zfp385b,b
Hat1,e
Stk39,c
Lrp2,e
P2rx3,a
Slc43a3,b
Timm10,e
Smtnl1,f
Ube2l6,f
Clp1,f
Med19,f
Fastkd1,f
Itgav,a
Zc3h15,d
Hoxd8,d
Atf2,b
Ola1,e
Itga6,e
Kif18a,e
Arl14ep,e
Emc4,e
Katnbl1,e
Nop10,e
Lpcat4,e
Ccdc34,a
Commd9,a
Iftap,c
Eif3m,e
Prrg4,e
Depdc7,f
Tcp11l1,a
Cstf3,e
Hipk3,a
Fbxo3,a
Caprin1,e
Nat10,e
Cat,f
Pamr1,b
Trim44,a
Api5,e
Ttc17,b
Hsd17b12,e
Ext2,b
Gatm,c
Sema6d,a
Myef2,f
Dut,e
Fbn1,b
Galk2,b
Meis2,a
Cd82,b
Tspan18,b
Syt13,e
Chst1,c
Pex16,f
Mapk8ip1,a
Terb2,e
Creb3l1,b
Patl2,f
Eif3j1,e
Mdk,a
Wdr76,f
Harbi1,e
Atg13,f
Hypk,e
Ell3,e
Arhgap1,b
F2,f
Lrp4,d
Map1a,b
Arfgap2,a
Pacsin3,c
Snap25,b
Jag1,d
Mtch2,f
Haus2,d
Lrrc57,f
Zfp106,d
Ehd4,e
Itpka,f
Ltk,f
Tyro3,f
Ptpra,a
Ndufaf1,f
Nusap1,f
Dnaaf9,b
Atrn,a
Chac1,e
Dll4,b
Spint1,f
Ppp1r14d,f
Rad51,e
Rpusd2,e
Spef1,a
Smox,f
Adra1d,a
Prnd,b
Rassf2,b
Slc23a2,d
Pcna,f
Fsip1,f
Gpcpd1,a
Rasgrp1,f
Fam98b,e
Chgb,b
Spred1,d
Mcm8,e
Fermt1,e
Crls1,e
Bmp2,d
Slc27a2,e
Gabpb1,e
Usp50,e
Sppl2a,a
Dusp2,d
Mrps5,e
Mal,f
Prom2,e
Nphp1,a
Bub1,e
Bcl2l11,b
Fbln7,a
Zc3h8,e
Ttl,b
Polr1b,e
Slc20a1,e
Pdyn,a
Tgm3,d
Snrpb,e
Nop56,e
Cpxm1,b
Lpin3,e
Otor,a
Pcsk2,b
Bfsp1,b
Snx5,e
Mgme1,e
Rbbp9,a
Sec23b,f
Dtd1,e
Xrn2,d
Cd93,b
Napb,c
Gzf1,a
Cst9,a
Acss1,f
Gins1,f
Nsfl1c,e
Snph,e
Angpt4,a
Slc52a3,f
Tbc1d20,b
Tpx2,f
Kif3b,d
Dnmt3b,e
Cdk5rap1,e
Snta1,f
Necab3,e
E2f1,f
Fam210b,b
Aurka,e
Cstf1,e
Pkia,a
Stmn2,b
Rtf2,f
Tpd52,f
Pag1,a
Rae1,f
Rbm38,f
Zbp1,e
Rab22a,a
Gnas,a
Edn3,d
Phactr3,c
Impa1,f
Fabp5,a
Snx16,f
Chmp4c,f
Sall4,d
Lrrcc1,a
Zfp64,f
E2f5,d
Car13,d
Car3,c
Dok5,b
Car2,e
Psma7,e
Ntsr1,b
Mrgbp,a
Col9a3,b
Nkain4,b
Arfgap1,b
Chrna4,b
Helz2,d
Stmn3,b
Zgpat,b
Zbtb46,a
Oprl1,b
Pcmtd2,a
Ahcy,f
Itch,a
Mtfr1,e
Map1lc3a,b
Acss2,f
Gss,f
Eif6,e
Hps3,e
Nfs1,e
Epb41l1,b
Rab5if,e
Samhd1,e
Rbl1,f
Rpn2,f
Tti1,e
Dhx35,f
Skil,e
Slc2a10,b
Zmat3,d
Pik3ca,a
Mfn1,f
Gnb4,d
Actl6a,f
Ndufb5,f
Pex5l,d
Ttc14,d
Ncoa3,f
Dnajc19,e
Fxr1,f
Mecom,b
Tnik,b
Nceh1,f
Ect2,e
Lrrc34,f
Lrriq4,f
Dcun1d1,a
Mccc1,f
Anxa5,d
Exosc9,e
Ccna2,e
Trpc3,d
Slc7a11,e
Rab33b,b
Cog6,a
Trpc4,b
Postn,b
Supt20,e
Exosc8,f
Mbnl1,a
P2ry1,c
Gfm1,e
Mfsd1,d
Schip1,f
Ift80,a
Ppm1l,a
Nmd3,e
Bche,b
Sohlh2,e
Smad9,a
Dclk1,b
Nbea,a
Tm4sf1,b
Ppid,e
Pfn2,a
Tsc22d2,c
Etfdh,a
Eif2a,e
4930579G24Rik,f
Mme,f
Gmps,e
Kcnab1,a
Ptx3,a
Pdcd10,e
Wnt2b,b
Ptpn22,e
Olfml3,b
Syt6,b
Sycp1,e
Tspan2,a
Ngf,b
Vangl1,f
Tbx15,f
Hsd3b1,b
Hmgcs2,b
Notch2,b
Gpsm2,a
Clcc1,b
Sypl2,e
Slc6a17,b
Kcnc4,d
Slc16a4,b
Dennd2d,e
Ddx20,e
S100a11,b
Npr1,f
Slc27a3,f
Ints3,f
Rab13,b
Crtc2,b
Creb3l4,b
Nup210l,e
Tpm3,f
Hax1,e
Il6ra,d
Chrnb2,b
Pmvk,e
Slc50a1,b
Efna1,d
Gask1b,a
Slc35a3,d
Vcam1,b
Extl2,b
Olfm3,b
Col11a1,b
Larp7,e
Ndst4,b
Prss12,b
Lef1,d
Trim2,c
Mcub,d
Sfrp2,b
Casp6,a
Plrg1,f
Npy2r,b
Gucy1b1,b
Snx7,d
Gar1,e
Ppa2,f
Ctso,b
Ints12,e
Pdgfc,f
Glrb,b
Enpep,b
Alpk1,a
Aimp1,e
Tbck,a
Dkk2,b
Papss1,b
Kcnq5,a
Dnajb4,a
Ptgfr,b
Efna3,d
Efna4,a
Zbtb7b,f
Thbs3,c
Ash1l,a
Rit1,b
Arhgef2,c
Khdc4,d
Lmna,b
Sema4a,e
Iqgap3,f
Gpatch4,e
Pear1,b
Dclk2,f
Lrba,f
Rps3a1,e
Fbxw7,d
Fmo5,a
Chd1l,e
Acp6,f
Gpr89,c
Rnf115,d
Polr3c,e
Pias3,b
Polr3gl,a
Tars2,e
Ecm1,a
Hormad1,f
Ctsk,b
Bnipl,e
Bcar3,e
Gclm,e
Abca4,d
F3,c
Tlcd4,f
Rwdd3,a
Celf3,b
Adh5,e
Them5,f
Rap1gds1,c
Rorc,c
Eif4e,e
Mttp,c
Dapp1,f
Ppp3ca,a
Nfkb1,a
Manba,f
Cisd2,d
Bdh2,a
Tacr3,b
Wls,d
Lrrc7,a
Cth,e
Zranb2,e
Lrriq3,a
Adgrl2,a
Rpf1,f
Ctbs,a
Bcl10,e
Ddah1,f
Ccn1,d
Col24a1,d
Asph,a
Trp53inp1,d
Ccne2,d
Gem,b
Cdh17,b
Decr1,a
Mmp16,b
Rmdn1,b
Rps20,e
Ubxn2b,a
Faxc,a
Coq3,e
Sdcbp,b
Tstd3,d
Ccnc,f
Clca1,b
Odf2l,a
Ndufaf4,d
Lmo4,a
Gbp3,e
Gbp2,e
Pdlim5,d
Rngtt,d
Ube2j1,d
Rragd,e
Gabrr1,e
Map3k7,a
Epha7,a
Akirin2,d
Rars2,e
Slc35a1,a
Cfap206,d
Aldob,b
Rnf20,a
Ppp3r2,a
Smc2,e
Polr1e,e
Exosc3,e
Stra6l,d
Xpa,a
Ncbp1,e
Trmo,e
Anp32b,e
Coro2a,e
Col15a1,b
Nr4a3,b
Invs,b
Tex10,e
Brinp1,b
Ambp,b
Kif12,b
Zfp618,a
Slc44a5,b
Tnc,a
Txn1,e
Svep1,b
Pappa,b
Astn2,b
Ptgr1,e
Hsdl2,a
Zfp37,a
Wdr31,e
Bspry,e
Kdm4c,e
Ptprd,a
Mpdz,a
Smu1,e
Aptx,c
Slc44a1,f
B4galt1,b
Tmem38b,f
Rad23b,e
Nol6,e
Elp1,e
Ubap2,e
Epb41l4b,f
Aqp3,f
Dcaf12,f
Kif24,e
Fam219a,b
Cntfr,b
Enho,c
Dctn3,f
Vcp,e
Pigo,f
Stoml2,e
Tesk1,b
Tpm2,b
Creb3,b
Gba2,a
Rgp1,a
Npr2,b
Hint2,f
Reck,b
Gne,c
Bnc2,a
Sh3gl2,f
Plin2,b
Rps6,e
Mllt3,d
Hacd4,a
Usp24,d
Plpp3,b
Prkaa2,f
Dab1,c
Sgip1,b
Pde4b,c
Ak4,f
Dnajc6,f
Jak1,b
Cachd1,a
2610528J11Rik,e
Artn,b
Dph2,e
B4galt2,b
Slc6a9,c
Bend5,a
Elavl4,b
Itgb3bp,a
Cdkn2c,b
Ttc39a,d
Dock7,a
Rnf11,b
Calr4,e
Osbpl9,f
Usp1,f
Nfia,b
Hook1,e
Ift74,a
Plaa,e
Caap1,e
Pum1,d
Laptm5,f
Cc2d1b,e
Pdpn,e
Orc1,f
Pramel13,f
Gpx7,b
Tnfrsf1b,f
Podn,e
Echdc2,f
Tnfrsf8,f
Magoh,e
Dmrtb1,e
Lrp8,d
Ndc1,e
Tceanc2,a
Cyb5rl,a
Mrpl37,e
Exo5,a
Dyrk2,b
Hivep3,b
Ppcs,f
Ccdc30,f
Ybx1,e
Tfap2c,f
Svbp,b
Slc2a1,e
Rragc,b
Mycbp,e
Ppie,e
Trit1,e
Mfsd2a,d
Epha8,c
Ephb2,b
Pithd1,e
Gale,f
Rnf220,d
Kif2c,f
Plk3,e
Ptch2,f
Eif2b3,e
Mutyh,e
Toe1,e
Mmachc,e
Prdx1,e
Nasp,e
Ipp,e
Pik3r3,a
Tspan1,f
Rad54l,e
Lrrc41,b
Mknk1,d
Atpaf1,f
Ebna1bp2,e
Pax7,d
Mrto4,e
Slc66a1,d
Pla2g2f,f
Pla2g2c,e
Vwa5b1,b
Cda,e
Pink1,b
Kif17,b
Hp1bp3,a
Eif4g3,a
Alpl,f
Fabp3,f
Sema3c,a
Adgrb2,b
Hpca,b
Tmem54,e
Ak2,f
Rnf19b,f
Ccdc28b,a
Phc2,a
Eif3i,e
Zfp362,a
Hdac1,f
Nipal3,f
Zbtb8a,e
Srrm1,e
Sfpq,f
Tmem50a,b
Rhd,e
AU040320,a
Stmn1,f
Trim63,d
Slc30a2,d
Psmb2,e
Extl1,d
Zfp593,e
Cnksr1,e
Tekt2,c
Trappc3,b
Gpn2,e
Map7d1,a
Gpatch3,e
Nudc,e
Slc9a1,b
Sytl1,e
Mrps15,f
Map3k6,f
Hgf,a
Cd164l2,e
Gnl2,e
Rspo1,c
Cdca8,e
Fgr,e
Stx12,b
Ppp1r8,e
Sema3a,b
Rpa2,e
Smpdl3b,e
Yrdc,e
Mtf1,f
Sesn2,e
Rcc1,e
Trnau1ap,e
Taf12,e
Sf3a3,e
Epb41,a
Utp11,e
Ptpru,e
Plekhm2,b
Arhgef19,c
Fbxo42,f
Cdk14,a
Padi2,f
Psmc2,f
Rpl22,e
Acot7,f
Espn,e
Rheb,e
Nol9,e
Smarcd3,a
Tas1r1,f
Abcf2,e
Nub1,e
Vamp3,d
Per3,e
Tmub1,b
Pgd,f
Slc4a2,b
Park7,e
Tnfrsf9,b
Abcb1b,f
Car6,e
Casz1,f
Nos3,b
Masp2,f
H6pd,e
Slc25a33,e
Klhl7,c
Ctnnbip1,a
Angptl7,b
Mtor,e
Hycc1,a
Rbp7,e
Tomm7,e
Rint1,a
Mad2l2,f
Kmt2e,a
Draxin,b
Agtrap,f
Mthfr,e
Orc5,f
Dnajc2,e
Pmpcb,e
Nppb,f
Mfn2,b
Miip,e
Trp73,e
Dffb,e
Lrrc47,e
Acap3,b
Ints11,e
Atad3a,e
Ssu72,e
Ski,b
Prkcz,f
Plch2,e
Pank4,c
Mib2,f
Cdk11b,e
Nadk,e
Mrpl20,e
Mxra8,a
Bst1,f
Cd38,f
Prom1,c
Kcnip4,a
Sorcs2,b
Afap1,b
Ablim2,f
Htra3,b
Trmt44,f
Acox3,f
Rgs12,a
Htt,d
Add1,b
Pcdh7,b
Rnf4,f
Nelfa,e
Ppp2r2c,f
Crmp1,c
Evc,b
Nsg1,b
Rab28,a
Dnajb6,f
Plb1,e
Fosl2,d
Rbks,f
Eif2b4,f
Snx17,b
Ppm1g,e
Krtcap3,e
Slc30a3,f
Sgcb,b
Cgref1,e
Khk,d
Emilin1,b
Agbl5,a
Mapre3,a
Ppargc1a,a
Dpysl5,c
Dhx15,e
Pgm2,f
Tbc1d1,c
Cenpa,f
Klf3,b
Zcchc4,e
Fam114a1,b
Sel1l3,d
D5Ertd579e,c
Cckar,b
Klb,f
Grpel1,e
Lias,f
Ube2k,e
Chrna9,f
Gabra4,b
Gabrb1,b
Tec,a
Slc10a4,b
Uchl1,e
Lnx1,b
Pdgfra,a
Srd5a3,a
Tmem165,a
Pdcl2,f
Epha5,b
Ppat,e
Paics,e
Polr2b,e
Ugt2b34,b
Pigg,e
Dr1,d
Mtf2,f
Dipk1a,b
Brdt,d
Tgfbr3,b
Zfp326,a
Gbp9,b
Spp1,f
Ibsp,a
Sparcl1,b
Klhl8,e
Aff1,f
Gpat3,f
Plac8,b
Enoph1,f
Cds1,e
Prkg2,b
Bmp3,b
Fgf5,e
Antxr2,a
Tpst2,f
Asphd2,b
Tesc,f
Nos1,d
Rfc5,e
Dck,d
Alb,b
Afm,b
Rassf6,e
Cxcl5,a
Cxcl15,b
Mthfd2l,a
Areg,b
Ccng2,a
Gtf2h3,e
Eif2b1,e
Ddx55,e
Rilpl1,a
Rilpl2,b
Snrnp35,f
Cdkl2,e
Arl6ip4,f
G3bp2,e
Pitpnm2,b
Uso1,e
Ppef2,e
Naaa,d
Kntc1,e
Sdad1,e
Ajm1,b
Rimbp2,c
Piwil1,e
Scarb2,b
Zcchc8,f
Stx2,b
Ran,e
Nipsnap2,a
Mmp17,f
Bcl7a,a
Psph,e
Cct6a,e
Mapkapk5,e
Aldh2,d
Fam168a,a
Fam216a,a
Gpn3,e
Atp2a2,e
P2rx7,e
Ift81,a
P2rx4,d
Anapc5,f
Rnf34,d
Kdm2b,e
Ncor2,a
Dhx37,f
Aacs,f
Anxa3,d
Mrpl1,e
Pxmp2,f
Pgam5,e
Ddx51,e
Pus1,f
Gpc2,a
Ulk1,f
Prkab1,f
Cit,e
Chek2,f
Pla2g1b,e
Sirt4,b
Pxn,b
St7,a
Triap1,e
Gatc,a
Cabp1,d
Acads,f
Ints1,e
Sppl3,a
Psmg3,e
Tes,d
Hnf1a,f
Mrm2,f
Oasl2,e
Foxp2,b
Lfng,e
Tmem106b,b
Mmab,a
Radil,e
Actb,e
Fscn1,f
Zfp12,a
Ung,f
Usp30,a
Rbm19,e
Sdsl,a
Ddx54,e
Rasal1,e
Dtx1,f
Aimp2,e
Rpl6,e
Ccz1,e
Arpc1a,c
Arpc1b,d
Pdap1,e
Cpsf4,e
Wasf3,e
Rasl11a,d
Polr1d,e
Cdx2,d
Flt1,c
Pomp,e
Slc46a3,e
Hsph1,f
Wdr95,f
Medag,b
Col1a2,b
Tspan12,a
Fam3c,f
Eln,b
Pot1a,e
Ezh2,f
Ssc4d,f
Rbm28,e
Lrwd1,e
Cux1,a
Gcc1,a
Ephb4,a
Actl6b,b
Gnb2,b
Pop7,f
Tfr2,e
Pcolce,b
Ppp1r35,f
Zkscan1,a
Mcm7,e
Asns,f
Pon3,a
Cald1,b
Akr1b8,f
Plxna4,b
Irf5,a
Ahcyl2,e
Klhdc10,a
Hibadh,f
Adcyap1r1,b
Tmem209,e
Cep41,c
Abcg2,a
Herc3,f
Tmem176b,b
Igf2bp3,d
Malsu1,e
Tra2a,e
Npy,f
Zc3hav1,f
Svopl,d
Nfe2l3,d
Cbx3,e
Ptn,b
Mtpn,b
Hoxa1,d
Slc23a4,f
Stra8,b
Tcaf2,b
Epha1,e
Zyx,c
Fam131b,e
Casp2,b
Gstk1,a
Ephb6,b
Mad2l1,e
Ssbp1,e
Prdm5,e
Agk,f
Smarcad1,f
Mkrn1,e
Gfpt1,b
Nfu1,f
Pcyox1,b
Tgfa,d
Add2,b
Cct7,e
Fbxl14,d
Prickle2,d
Adamts9,b
Lrig1,f
Kbtbd8,f
Wbp1,a
M1ap,f
Pole4,f
Tacr1,b
Mrpl19,e
Bmp10,b
Rab43,b
Isy1,e
Cnbp,e
Hmces,f
Frmd4b,a
Foxp1,a
Gxylt2,b
Cntn3,b
Chl1,b
Ruvbl1,e
Abtb1,f
Plxna1,e
Klf15,d
Aldh1l1,f
Slc41a3,b
Nup210,f
Cntn6,a
Wnt7a,d
Xpc,d
Slc6a6,f
Itpr1,d
Edem1,e
Slc6a13,e
Ret,b
A2m,f
Mfap5,e
Gdf3,f
Mlf2,f
Plxnd1,b
Tmcc1,a
Cops7a,f
Rasgef1a,f
Bms1,e
Zfp248,a
Clec1b,a
Adipor2,d
Wnt5b,d
Erc1,a
Ccdc77,e
Magohb,e
Ybx3,e
Bcl2l14,f
Lrp6,a
Fam234b,b
Emp1,b
Grin2b,b
Plbd1,f
Wbp11,d
Art4,b
Mgp,b
Arhgdib,c
Rerg,a
Ptpro,b
Strap,e
Dera,e
Lmo3,a
Pik3c2g,a
Plekha5,a
Recql,f
Ldhb,f
Kcnj8,b
Abcc9,d
Rad18,e
Sspn,b
Bhlhe41,e
Srgap3,b
Rassf8,b
Irag2,e
Thumpd3,e
Bcat1,f
Mtmr14,e
Cpne9,f
Camk1,b
Etnk1,d
Ttll3,f
Il17rc,e
St8sia1,a
Creld1,f
Emc3,b
Itpr2,a
Med21,f
Sec13,f
Ccdc91,a
Atp2b2,b
Far2,e
Tmtc1,b
Slc6a1,f
Vgll4,b
Tamm41,f
Cand2,a
Ift122,a
Necap1,f
Pianp,f
Ing4,a
Mrpl51,f
Ltbr,d
Scnn1a,a
Tnfrsf1a,b
Cd9,f
Dyrk4,e
Prmt8,a
Tspan11,a
Tspan9,b
Tead4,f
Fkbp4,e
Pzp,f
Strn4,a
Slc8a2,a
Zfp606,a
Zik1,a
Mark4,a
Ercc2,e
Ppm1n,e
Gipr,e
Dmpk,d
Nova2,c
Pglyrp1,f
Uri1,e
Ttyh1,f
Tmem238,e
Rpl28,f
U2af2,e
Zfp583,b
Zfp273,a
Cyfip1,d
Psd3,b
Zfp719,a
Zdhhc13,e
Zfp108,b
Tdrd12,f
Faap24,e
Rhpn2,f
Gas2,a
Kctd15,a
Prmt3,e
Snrpa1,e
Pcsk6,f
Entrep2,b
Apba2,c
Mphosph10,e
Mtmr10,d
Chrna7,c
Crtc3,b
Blm,f
Furin,a
Hddc3,a
Vps33b,e
Iqgap1,e
Cib1,f
Sema4b,f
Mesp2,e
Nr2f2,a
Ttc23,a
Lrrc28,f
Mef2a,b
Ctsc,f
Yif1b,f
Rasgrp4,e
Fam98c,e
Psmd8,f
Ryr1,e
Nfkbib,e
Fbxo17,e
Lrfn1,c
Pak4,f
Psmc4,e
Mfge8,f
Acan,e
Aen,e
Mrpl46,e
Tmem126b,a
Sytl2,a
Eed,f
Me3,d
Fah,d
Ddias,e
Rab30,b
Anapc15,e
Tmc5,f
Arl6ip1,f
Pik3c2a,a
Ipo5,e
Calca,e
Pde3b,e
Mylpf,f
Qprt,e
Kif22,f
Mvp,f
Sez6l2,b
Stard10,d
Ino80e,e
Fchsd2,b
Klk10,f
Aldoa,f
Ppp4c,f
Tbx6,d
Plekhb1,e
Coro1a,c
Dnajb13,f
Sgf29,e
Nupr1,f
Nfatc2ip,f
Pold3,e
Rabep2,e
Chrdl2,b
Slco2b1,d
Eif3c,e
Myh14,e
Spns1,e
Lat,e
Rps3,e
Dgat2,e
Il4ra,b
Psma1,e
Kdm8,f
Zkscan2,a
Myo7a,e
Aqp8,f
Lcmt1,e
Arhgap17,f
Disp1,a
Slc5a11,e
Parva,b
Dkk3,b
Pak1,f
Rusf1,a
Tgfb1i1,b
Adm,e
Dkkl1,f
Pycard,e
Fus,e
Cd37,f
Stx1b,a
Bcl7c,a
Prr14,f
Nucb1,b
Hsd17b14,f
Bcat2,e
Fgf21,e
Itgal,f
Nomo1,e
Sergef,f
Rgs10,c
Bag3,d
Fgfr2,a
Ldhc,e
Tacc2,f
Ptpn5,b
Acadsb,b
Cpxm2,d
Plk1,e
Ndufab1,e
Ears2,e
Gga2,f
Scnn1b,c
Mettl9,a
Cdr2,e
Mrpl17,e
Polr3e,e
Arfip2,c
Dnhd1,b
Uqcrc2,e
Rrp8,e
Ilk,b
Cnga4,f
Cckbr,f
Crym,d
Chst15,b
Acsm3,b
Thumpd1,e
Lhpp,e
Fam53b,f
Abraxas2,a
Trim21,e
Ctbp2,e
Knop1,e
Bccip,e
Dhx32,f
D7Ertd443e,c
Mki67,a
Atp6ap2,d
Usp9x,f
Cask,b
Swap70,e
Wee1,f
Tmem9b,b
Akip1,f
Trim66,e
Stk33,f
Tub,e
Eif3f,f
Usp11,a
Glrx3,e
Mrgprf,f
LTO1,a
Fgf15,e
Fgf3,f
Ano1,a
Fadd,b
Zfp300,b
Dock11,d
Cul4b,f
Smarca1,b
Elf4,b
Rab33a,b
Rbmx2,e
Igsf1,c
Stk26,e
Gpc4,f
Slc9a9,a
Arhgef6,b
Rbmx,a
Mcf2,f
Syp,b
Plp2,d
Gpkow,b
Gripap1,a
Pim2,e
Slc35a2,c
Eras,e
Hdac6,f
Glod5,f
Was,f
Wdr13,b
Ebp,f
Porcn,d
Ftsj1,f
Dynlt3,a
Aff2,a
F8,a
Vbp1,e
Fundc2,c
Msn,e
Heph,a
Ophn1,d
Efnb1,a
Awat2,e
Igbp1,d
Magee2,a
Pbdc1,e
Magee1,b
Cox7b,f
Itm2a,a
Chmp1b2,a
Sh3bgrl,a
Srpx2,b
Sytl4,b
Cstf2,e
Xkrx,d
Cenpi,f
Gla,f
Col4a6,a
Col4a5,a
Chrdl1,b
Pak3,c
Dcx,a
Lrch2,a
Slc7a3,e
Adgrg2,b
Pdha1,d
Nlgn3,b
Map3k15,e
Rps6ka3,a
Zmym3,b
Rps4x,e
Dmrtc1a,b
Cdx4,d
Flna,b
Tsx,e
Abcb7,f
Mtm1,f
Gabre,a
Gpm6b,b
Gabra3,a
Gabrq,b
Cetn2,e
Nsdhl,e
Zfp185,e
Hccs,f
Arhgap6,a
Syap1,a
Msl3,b
Ctps2,a
Xlr4c,e
Zfp275,a
Ap1s2,d
Zrsr2,e
Bgn,b
Pir,e
Vegfd,b
Piga,f
Dusp9,e
Hcfc1,e
Renbp,d
Naa10,e
Arhgap4,f
L1cam,d
Irak1,f
Mecp2,a
Tktl1,e
Plxna3,b
Fam3a,b
G6pdx,e
Mpp1,f
Dkc1,f
Tceal6,c
Morf4l2,e
Zcchc18,c
Psmd10,f
Tsc22d3,a
Prps1,f
Morc4,b
Rnf128,e
Atp11a,b
Mcf2l,c
Cul4a,a
Gas6,b
Rasa3,a
Coprs,f
Myom2,f
Angpt2,a
Agpat5,e
Slc25a15,f
Erlin2,b
Adgra2,a
Rab11fip1,e
Adrb3,f
Eif4ebp1,e
Ggn,a
Tnfsf13b,b
Col4a1,d
Col4a2,d
Naxd,a
Ptpn7,e
Ankrd10,f
Arhgef7,a
Leprotl1,f
Gpm6a,c
Tnks,a
Saraf,b
Mrps31,f
Smim19,a
Ikbkb,a
Plat,a
Kat6a,a
Ank1,b
Gpat4,a
Gins4,e
Sfrp1,a
Ido2,e
Adam5,a
Tm2d2,a
Plekha2,f
Slit2,b
Tenm3,b
Dctd,e
Fgfr1,b
Plpp5,b
Star,b
Ash2l,f
Tti2,e
Mak16,e
Wrn,a
Gsr,f
Gtf2e2,e
Asah1,d
Pdgfrl,d
Slc7a2,a
Fgf20,a
Msmo1,e
Klhl2,f
Galnt7,d
Sap30,f
Hpgd,a
Ednra,a
Sin3b,f
Sorbs2,c
Irf2,b
Cenpu,e
Cfap97,b
Slc25a4,b
Ufsp2,d
Pdlim3,c
Tlr3,c
Cbr4,a
Sh3rf1,b
Nek1,a
Mfap3l,e
Triml1,f
N4bp1,f
Cbln1,d
Adcy7,e
Nkd1,d
Snx20,f
Sall1,e
Rbl2,b
Setd6,f
Got2,e
Cdh11,b
Smad1,a
Pou4f2,f
Orc6,e
Dnaja2,e
Itfg1,b
Zfp330,e
Smarca5,f
Zfp821,a
Dhodh,e
Phlpp2,b
Irx3,a
Mmp2,b
Gnao1,b
St3gal2,a
Il34,f
Amfr,b
Bbs2,c
Cenpn,e
Cdyl2,f
Mt3,e
Mt2,e
Mt1,e
Nudt7,a
Herpud1,e
Cntnap4,b
Pllp,e
Arl2bp,a
Cx3cl1,e
Ciapin1,e
Polr2c,e
Adgrg1,f
Kifc3,a
Cngb1,e
Mmp15,a
Tmem38a,a
Usb1,f
Tpm4,a
B3gnt3,f
Jak3,f
Mvb12a,e
Mthfsd,a
Emc8,e
Zdhhc7,b
6430548M08Rik,a
Crispld2,a
Usp10,e
Cotl1,b
Klhl36,b
Taf1c,f
Pik3r2,b
Mbtps1,b
Necab2,e
Ifi30,f
Hsbp1,b
Rab3a,b
Cdh13,a
Mphosph6,f
Hsd17b2,f
Lsm4,e
Comp,d
Map3k21,e
Mau2,a
Pbx4,e
Lpar2,c
Ints10,f
Dctn1,a
Cdh5,b
Bean1,b
Cmtm3,b
Ces2g,b
Ciao2b,e
Rrad,a
Car7,e
Cbfb,a
Phaf1,f
Hsd11b2,a
Psmb10,e
Dpep3,f
Dus2,f
Smpd3,d
Zfp90,a
Has3,e
Vps4a,b
Nip7,e
Cep57,d
Cyb5b,f
Maml2,a
Mre11a,e
Wwp2,f
Ankrd49,c
Gpr83,d
Izumo1r,e
Panx1,a
Med17,e
4931406C07Rik,a
Taf1d,d
Adat1,e
Gabarapl2,f
Tmem231,f
Tmem170,e
Bcar1,e
Ldhd,e
Bmper,a
Afg3l1,e
Dbndd1,a
Ccsap,f
Acta1,d
Urb2,e
2310022B05Rik,b
2810004N23Rik,e
Egln1,a
Vps26b,a
Jam3,a
Snx19,a
Adamts8,b
St14,f
Aplp2,d
Dcun1d5,e
Pdgfd,b
Sesn3,b
Oaf,b
Pou2f3,e
Grik4,b
Ubash3b,b
Clmp,b
Rexo2,e
Cul5,e
Ets1,a
Kirrel3,a
Rpusd4,e
Acat1,b
Fdx1,f
Ppp2r1b,e
Cryab,b
2310030G06Rik,e
Dixdc1,b
Tex12,e
Pts,a
Plet1,f
Zpr1,e
Apoa1,b
Tagln,d
Bace1,b
Dscaml1,c
Mpzl2,f
Cd3e,f
Cd3d,f
Ddx25,b
Nlrx1,b
Trappc4,e
Chek1,f
Slc37a4,c
Hyou1,f
Stt3a,f
Hinfp,d
C2cd2l,f
Tmem218,a
Slc37a2,f
Robo4,b
Hmbs,f
Abcg4,b
Mcam,f
Pin1,e
Olfm2,d
Tyk2,f
Pde4a,d
Bmp5,a
Scg3,b
Yipf2,a
Lysmd2,c
Tmod2,b
Gnb5,a
Ldlr,f
Kank2,f
Dock6,f
Lipc,f
Rsl24d1,e
Nedd4,a
Ccnb2,e
Myo1e,f
Mns1,e
Fam81a,f
Gcnt3,f
Tcf12,a
Anxa2,a
Cgnl1,a
Rora,d
Itga11,b
Cln6,d
Calml4,b
Anp32a,f
Lca5,c
Sh3bgrl2,e
Elovl4,c
Bckdhb,f
Zw10,f
Tent5a,a
Usp28,e
Htr3a,c
Nnmt,f
Idh3a,e
Acsbg1,c
Dnaja4,b
Imp3,e
Thsd4,b
Ptpn9,a
Crabp1,d
Pkm,e
Commd4,f
1700017B05Rik,a
Psma4,e
Chrna3,a
Fam219b,c
Mpi,f
Ube2q2,e
Fbxo22,f
Nrg4,e
Csk,a
Tmem266,f
Etfa,f
Cyp1a1,f
Clk3,d
Rcn2,a
Pstpip1,e
Tspan3,a
Stra6,a
Tmem30a,a
Hmg20a,a
Cox7a2,e
Col12a1,b
Loxl1,b
Nptn,d
Hcn4,b
Neo1,b
Mto1,e
Ooep,f
Gsta4,f
Elovl5,a
Gclc,e
Lrrc1,a
Tmed3,b
Fam83b,a
Ctsh,b
Hcrtr2,a
Adamts7,b
Tpm1,d
Zic1,d
Plscr1,f
Car12,e
Plod2,a
Aph1b,a
Usp3,a
Plscr4,b
Snx1,d
Rbpms2,e
Dpp8,a
Igdcc3,d
Tipin,e
Snapc5,e
Rpl4,e
Zwilch,e
Smad3,a
Pias1,a
U2surp,e
Atr,e
Xrn1,a
Tfdp2,d
Atp1b3,e
Rasa2,d
Rwdd2a,e
Me1,f
Zfp949,a
Crtap,f
Cmtm6,d
Dync1li1,e
Cmtm7,d
Tgfbr2,b
Eomes,e
Slc25a36,d
Clstn2,a
Mrps22,e
Pik3cb,f
Faim,d
Armc8,e
Dbr1,e
Mras,f
Cdc25a,e
Nme6,f
Smarcc1,d
Cspg5,b
Scap,d
Ptgs2,d
Nradd,a
Pth1r,a
Lrrc2,f
Lrrfip2,e
Mlh1,e
Dclk3,f
Trib1,e
Stac,b
Arpp21,d
Myd88,b
Scn5a,b
Gorasp1,d
Ttc21a,d
Mobp,f
Rpsa,e
Nktr,a
Amotl2,e
Cck,a
Trak1,f
Ephb1,a
Abhd5,b
Ryk,d
Rab6b,b
Trf,c
Cpne4,b
Nudt16,a
Aste1,f
Pik3r4,f
Manf,e
Mapkapk3,e
Cish,b
Hemk1,e
Mst1r,d
Traip,f
Bsn,c
Mst1,f
Amigo3,b
Ip6k1,b
Cdhr4,a
Uba7,b
Ip6k2,a
Slc25a20,f
Nicn1,b
Amt,f
Klhdc8b,a
Nt5m,b
Oas1d,f
Thsd7a,a
Flcn,b
Atxn2l,d
Chsy1,a
Fhl3,c
Pygm,a
Colgalt2,f
Marchf3,b
Entrep3,b
Oas3,e
1700025G04Rik,a
Pon2,d
Malt1,d
Oas2,f
Lmo2,d
Kank1,a
Syde1,b
Trib3,e
Mdfi,b
Mansc1,f
Abtb2,a
Bmp8a,f
Snx33,a
Inppl1,a
Ccdc88a,a
Tpcn1,b
Katnip,a
Heyl,b
Gpbp1,d
Slc8b1,f
Bet1,a
Ilvbl,b
Gng11,a
Trpa1,f
Pdxk,f
Srxn1,f
Cdv3,e
Slc10a3,b
Arap1,b
Fanca,f
Igdcc4,b
Ank2,b
Ppp1r9a,a
Pwp2,e
Trpc1,e
Prr5l,a
Abcc4,f
Rnft2,b
Ugt8a,e
Pkd1,b
Fbxw8,c
Smap2,a
Cyb5r4,d
Arhgef17,b
Ccdc85a,f
Acsl3,d
Rims3,e
Rangrf,e
Styk1,a
Slc16a1,d
Sgpp2,b
Cspg4,b
Lrig2,a
Hspa13,a
Camkv,e
Nup93,e
Rbm11,a
Rasgrp2,e
Inha,b
Chpf,b
Nlrp4f,f
Mycbp2,c
Asic4,a
Ogfod1,e
Polr2f,e
Cdo1,f
1700088E04Rik,b
Cip2a,e
Afap1l1,b
Micall1,b
Eif3l,f
Lmo7,f
Resp18,b
Cntnap3,c
Gas7,b
Clec1a,b
Tbc1d4,b
Nol12,e
Lss,e
Slc7a6os,f
Rnf125,f
Atg9a,b
Slc22a15,b
Phldb2,b
Podxl2,b
Cnppd1,d
Atp1a1,e
Dis3,e
Mgll,d
Mzt1,f
Tie1,b
Mamdc2,a
Ttc28,b
AA467197,f
Slitrk5,b
Rac2,f
Ttf2,e
Wnt6,d
Trim45,a
Arid2,a
Szt2,c
Gm5134,f
Shf,d
Ttll4,e
Slc35a4,a
Stk36,a
Ptprm,d
Rpgrip1l,a
Wdr3,e
Kctd17,c
Noc4l,e
Ptprf,e
Lpp,d
Mif,e
Dpyd,a
Fbxl8,b
Ctdp1,e
Tnxb,b
Chst2,d
Rtp4,a
Prrg3,a
Usp37,f
Ipo13,b
Fntb,f
Palmd,b
Atp6v0b,d
Trappc8,f
Frrs1,f
Arhgap44,f
Gucd1,a
Snap91,b
Antxr1,b
Eri3,b
Upb1,d
Gtpbp6,e
Armcx2,a
Specc1l,a
Lpar6,a
Adamts15,b
Zbtb1,a
Fan1,b
Tomm6,e
Fndc3a,a
Larp4b,e
Asprv1,e
Ppip5k1,f
Ttc7b,f
Arhgef5,d
Angptl1,b
Znrf1,a
Dph5,e
Fam20b,b
Rbfox2,a
Adgrb3,a
Apol6,f
Myo6,b
Tmem35a,c
Igf2bp2,a
Ndn,b
Reep4,f
Myo5c,f
Spata2l,b
Lgi3,b
Rfwd3,e
Pank1,f
Cplx1,c
AW554918,a
Piwil2,e
Ddx19b,d
Zfp7,d
Cep350,a
Qsox1,b
Ucp2,f
Inhca,e
Fcsk,d
Stard9,b
Smyd5,e
Lrrc24,b
Ccar2,a
Foxn3,d
Akr1c14,b
Adra2a,b
Sfxn5,b
Vav3,a
BC034090,d
Lrrc14,b
Egr3,d
Sf3b3,e
Spr,f
Fndc3c1,a
Gadd45gip1,f
Mnd1,e
Rbm4b,a
Recql4,e
Mtss2,b
Tmem131l,a
Nrxn2,a
Exoc6b,f
Clcnka,f
Rpap2,d
Npbwr1,a
Atp7a,a
Atp6v1h,f
Tasor2,e
Tmem87a,f
Alg3,e
Tcea1,f
Dnah8,f
Tpbpa,b
Foxh1,e
Mrpl15,e
B3galt2,b
Ston1,b
Engase,f
Klf9,f
Ppargc1b,e
Lgals3bp,c
Rbm46,b
Zfp267,a
Pxk,b
Mapkbp1,d
Ccp110,e
Zdhhc15,a
Usp36,e
Gucy1a1,b
Chmp2a,f
Parl,e
Rbm34,e
Vhl,b
Zswim5,e
Trim36,f
Tnks1bp1,b
Jcad,a
Zbtb41,a
Slc16a2,b
Cdkl4,f
Rnf225,d
Gria2,b
Coil,f
Tesk2,f
Dnah17,f
Kcnk1,e
Slc66a2,b
Scaper,a
Pds5b,a
Cpsf1,e
Fancd2,e
Cct2,e
Ccdc182,b
Rpap1,f
Fgd5,c
Galnt17,b
Gpbp1l1,e
Phka1,d
Ypel4,a
Poglut1,f
Farp2,b
Zfp551,a
Fstl5,b
Meak7,b
Ccs,f
Golim4,a
Kctd7,b
Tmed8,d
Scn11a,a
Ptgdr2,a
Tpst1,e
Srsf2,e
Mks1,f
Tspan8,b
Tmem63c,f
Ino80,e
Lrrc58,a
Scx,b
Emid1,d
Ccnd3,f
Faah,e
Rnf43,d
Nsf,f
Lsm3,f
Chchd4,f
Loxl2,b
Rasl10a,f
Atm,d
Gpc1,a
Rhov,f
Golgb1,a
Hdac11,d
Plekhm1,f
Senp6,a
Arhgap27,e
Exosc4,e
Setd5,a
Jdp2,d
Thoc5,e
Igsf9b,f
Evpl,e
Nipsnap1,e
Nek9,a
Fhod3,d
Med13,d
Tmem132d,a
Exosc1,e
Tmem132c,d
Kctd9,f
Plcg2,e
Wbp2,f
Ramp1,b
Mtmr3,b
Tulp4,a
Wdr5b,a
Fbxo15,f
Lif,f
Pja1,a
Tbc1d10a,e
Neurl1b,b
Pkd1l2,f
Parp14,e
Gcsh,f
Myo15b,c
Tmem30b,e
Trmt5,e
Dhrs11,f
Gulo,e
Slc24a1,e
Polr3b,f
Eda2r,f
Six4,e
Pkd2,b
Scara3,a
Caskin2,a
Diaph2,d
Snx2,f
Gbx2,d
Poglut3,b
Edil3,a
Pcnx4,c
Zfp395,b
Fbxo16,a
Zfp418,f
Washc4,d
Ptpn13,a
Pla2g3,a
Myo5a,c
Ppp1r18,a
Mon2,b
Pof1b,f
Tut4,a
Chst11,d
Ppm1h,b
Pik3ip1,a
Ssh3,d
Mtrr,f
Gpatch8,c
Setmar,a
Tiparp,d
Zyg11a,f
Ankrd12,a
Lrrn1,a
Cacna1a,f
Tmem109,c
Bmp2k,d
Xpot,e
Pbx2,a
Dbn1,a
Rnps1,e
Sema3f,b
Fam171a2,b
Fras1,b
Nlrp4c,e
Neurod1,e
Gns,b
Ttyh2,f
Tmx4,a
Mrps10,e
Adgrb1,f
Pabpc5,a
Nostrin,b
Nagk,b
Sirt6,f
Mast4,a
Pcdh11x,a
Tmub2,b
Tle6,f
Map4k5,d
Glis1,a
Dusp5,e
Asb16,f
Tle2,a
Hrob,f
Vax2,f
B3galt1,b
Gna15,f
Ccdc122,a
Cpne7,e
Sos2,a
Colgalt1,f
Scn7a,a
Grip1,d
Celf5,e
Nup54,e
Tet3,a
Larp6,b
Plvap,a
Ttc21b,c
Tmem127,b
Acot11,a
Mfsd12,f
Cxcl10,c
Atosa,a
Ano8,a
Ankrd27,e
Fam151a,d
Gipc3,f
Nudt19,e
Mrpl34,e
Tbxa2r,b
Lrr1,f
Cactin,e
Sncb,e
Rps29,e
Filip1,a
Cobll1,c
Pygo1,a
Mdga2,b
Tjp3,f
Dhcr24,e
Rnf44,e
Rtkn,f
Arl4d,d
Synrg,a
Zfr2,b
Cog7,f
Cebpa,c
Atcay,e
Rubcnl,b
Parm1,b
Otoa,d
Vat1,f
Eef2,e
Foxn2,f
Dpp4,f
Rundc1,b
Baz1a,f
Ncapd3,e
Zc3h12b,a
Kri1,e
Rrp12,e
Dhx57,b
Zc4h2,a
Eef2k,b
Xkr6,c
Secisbp2l,a
Egln3,e
Dcbld2,d
Shc4,d
Wnk4,a
Neil2,d
Dnai4,d
Brinp3,a
Secisbp2,e
Nubpl,f
Eif2s3x,e
Elmod2,a
Mitf,f
Ints6,e
Zc3h12c,a
Tanc1,f
1110059E24Rik,e
Plekhh3,b
Ccdc186,a
Slc24a5,f
Fam124a,a
Ubd,f
Nkx6-1,d
Ano4,b
Arl6ip5,b
Chrnb4,a
Sppl2b,b
Rims4,e
Spcs2,a
Ccdc106,b
Pdk3,f
Abraxas1,f
Trim13,f
Scai,b
Neu3,a
Pcyt1b,f
Tut7,a
Abi3bp,b
Helq,e
Pkig,d
Hpse,b
Tpbg,d
Raver2,c
Arx,b
Ssc5d,b
Nat14,b
Mid1,a
Ror1,a
Gnptab,e
Gdpd5,a
Fbxo33,f
Uchl4,e
Lzts2,b
Nup37,e
Uvrag,f
Nfkbiz,c
Pdzrn3,a
Rmi1,d
Hacd2,d
Shq1,e
Brsk1,b
Dennd1a,a
Klf16,f
Oser1,e
Crb2,a
Kank4,b
Tmem98,a
Rabgap1,a
Haus8,f
Myo1d,b
Thyn1,e
Foxa1,b
Fignl1,f
Prdm8,a
Stab2,f
Tab3,d
Plk5,e
Tgfbi,a
Cdcp1,e
Reep6,e
Cox18,f
Slc12a8,f
Fbxl21,a
Ntng2,e
Tdrd7,b
Npffr2,a
Eif1,e
Gc,e
Capn5,f
Igfbpl1,e
Krt17,f
Mpv17l2,f
Wdr20rt,f
Aldh1b1,a
Pcdh17,a
Ankrd11,c
Dcaf10,a
Utp6,e
Iqcg,e
Chrna5,c
Fam174c,f
Ky,d
Frmpd1,a
Ric8b,a
Rubcn,b
Grhpr,e
Cbarp,c
Zcchc7,e
Lrfn5,a
Gtf3c4,a
Zswim4,a
Sbno2,f
Tnfsf9,d
Melk,f
Isg15,e
Rnf38,a
Arhgap45,e
Slc51a,f
Usp35,a
Abca7,a
Prkx,f
Supt16,e
Dagla,d
Wdr18,e
Selenoo,b
Bbs10,a
Tmem161b,d
Dym,d
Xylb,f
Dync1li2,a
Mrps2,f
Kiss1r,b
Cd99l2,a
R3hdm4,a
Acta2,b
Cep19,a
Zdhhc17,a
Twist1,a
Ugt2b35,b
Pim3,f
Ppp1r26,b
Polr3g,e
Plppr3,a
Lysmd3,a
Ddx11,f
Ids,b
Misp,b
Palm,a
Syt1,a
Zfp983,a
Pawr,e
Zhx3,b
Hykk,a
Cox8a,e
Rnf126,e
Cerk,a
Gramd4,d
Dennd5a,b
Dcdc2a,f
Cd276,c
H2-Q4,e
Pknox2,b
Ibtk,e
Ttc38,b
Acss3,a
Pip4p1,f
Tdp2,d
Apex1,f
Tmem59l,e
Ints6l,d
Nme5,d
Ripor2,b
Tmtc2,a
Parp2,e
Zfp57,f
Adamtsl2,d
5031439G07Rik,d
Dnajb5,d
Fmnl2,d
Phf24,b
Galt,f
Sigmar1,e
Zranb3,f
Slain2,a
Arl5a,a
Dgkb,b
Myrf,a
Vezt,b
Colec12,d
Mbnl3,b
Lmo1,d
Metap2,e
Rfxank,a
Hoxc9,a
Meox2,a
Mgat5,b
Prickle1,b
Surf6,e
Pphln1,e
Sostdc1,d
Gatad2a,e
H1f2,b
Dipk1b,b
Rorb,a
Arhgap36,a
Rif1,e
Sh3bp4,e
Nepro,d
Polr1has,e
Pdzrn4,f
Ska1,e
Kctd1,a
Ube2r2,a
Armh4,b
Gmip,a
Rbm43,e
Igfbp7,b
Fstl4,b
Lrrk2,c
9530068E07Rik,b
Noa1,e
Gramd1c,a
Lrrn3,a
Slc2a13,a
BC031181,e
Zdhhc23,e
Lzts1,d
Skp1,d
Polr1h,f
Qsox2,e
Slc18a1,c
Kidins220,b
Igsf10,a
Tmem260,a
Ubac1,e
Csgalnact1,b
Rmdn2,d
Serbp1,e
Abt1,e
Cracd,a
Gadd45a,d
Glb1l2,a
Ppp1r11,f
Gng12,a
Arsi,d
Pcdh8,a
Gpi1,f
Siah2,f
Npy1r,a
Lum,b
Megf11,f
Tbc1d24,b
Btg1,a
Prss56,d
Rnf39,d
Eea1,b
Fam13b,a
Tmem255a,b
Phpt1,b
Cdh8,a
Greb1,d
Card11,f
Ppfibp2,d
Rnf113a1,e
Adamts2,b
Cnot1,e
Ermard,f
Sh3tc1,f
Iqce,b
Lgi4,b
Ppp6r2,b
Ndrg4,b
Ttyh3,a
Bicral,f
Fxyd1,b
Upf3b,e
Fxyd7,b
Fgf1,b
Cpz,d
Ccdc113,f
Chst12,c
Alx1,a
Plxnb2,b
Eepd1,a
Eipr1,e
Rfxap,a
Atp13a2,b
Clcn7,d
Nudt1,e
Ccdc148,b
Tbc1d9b,b
Man1b1,a
Colec11,b
Tcaf1,a
Cenpt,f
Aaas,d
Cc2d1a,b
Nop14,e
Zcchc12,b
Cyld,b
Micall2,b
Rbm42,f
Oxsr1,f
Psma8,e
Ttll7,b
Cox6b1,f
Tubb4b,e
Dner,b
Wdr44,f
Anln,f
Rps27l,e
Slitrk2,a
Mbd5,a
Cnep1r1,b
Dpp10,a
Sun1,f
Jmjd4,a
Amdhd2,f
Ssx2ip,e
Lpar3,a
Plch1,e
Lin37,f
Mrpl41,b
Mcoln3,a
Hspb6,b
Wnt4,b
Ptcra,e
Mrpl55,f
Dchs1,b
Syde2,e
Proser3,a
Smad6,a
2410004B18Rik,e
Dna2,d
Phkb,a
Acaa2,b
Arhgap33,a
Ehmt1,a
Zfp157,a
Neto2,a
Fzd8,b
C1ql2,d
Piwil4,e
Trim67,c
Kirrel2,e
Ttc7,e
Stag3,e
Nfkbid,e
Aifm1,f
4921524J17Rik,f
Kdm1a,f
Elac1,a
Rab8b,a
Trappc14,d
Lrfn3,b
Bcorl1,a
Cnpy4,a
Anapc10,f
Tfb1m,e
Zdhhc9,b
Pml,e
Trim3,b
Otud4,e
Nxt1,e
Asap3,b
Zfp39,a
Tns2,b
Zfp113,a
Hk1,f
Ss18,e
Sstr4,b
Frem2,d
Zscan21,a
Wdr62,f
Mmaa,b
Foxa2,b
Zfp146,a
Apbb1,a
Clca3b,b
Inhbb,f
Smpd1,b
Cavin3,b
Sh3glb1,b
Rbmxl1,f
Scd1,f
Rnf139,a
Trmt12,a
Slc35b2,b
Rab11fip3,a
Dcaf15,f
Socs5,b
Ralgapa2,e
Setd7,c
Psd,b
Tmprss13,e
Prmt9,f
Aff3,b
Myom3,f
Arhgap10,b
Ddx1,e
Lrrc20,a
Mgarp,d
Mycn,f
Nodal,f
Dennd11,c
Grhl3,f
Pacrg,a
Rbm17,e
Atg101,f
Islr,b
Fam193a,a
Spry1,a
Thap1,e
Lipt1,e
Syn1,f
Zfyve28,f
Fgf2,b
Hook3,b
Mxd4,a
Spred3,c
Clic4,e
Zfp692,e
Pomk,b
Mex3c,a
Itih2,b
Aagab,e
Dzank1,b
Hgsnat,b
Rsrp1,d
Bltp1,c
Gemin5,e
Tmem97,e
Ovol2,e
Galnt6,f
Man1c1,d
Tacc3,f
Jade3,e
Bag4,e
Tap1,e
Larp1,e
Hand1,a
Map4k1,f
Fam53a,e
Slc9a7,e
Slc12a9,c
Chst7,d
Letmd1,a
Uvssa,a
Ccn3,c
Letm2,a
Srrt,e
Kdm6a,f
Enpp1,b
Ctbp1,a
Hhat,a
Trmt6,e
Spon2,b
Rims2,f
Rcor3,b
Icam1,f
Cnnm4,c
Tbc1d2b,b
Serpine1,f
Endod1,b
Vgf,c
Slc30a1,f
Adam32,f
Vnn1,b
Cep85,e
Tulp1,c
Arid5a,e
Azin1,e
Ints7,f
Fbxo27,f
Klf10,f
Tedc1,f
Acp7,f
Uggt1,f
Dtl,f
Asxl2,d
Ubr5,f
Slc2a12,a
Zmat4,a
Cib2,b
Nenf,b
Fam168b,a
Arhgef4,c
Mavs,f
Atg14,f
Mrpl47,e
Shank2,a
Dlgap5,f
Plekhg2,a
Zdhhc18,f
Rps16,e
Vash2,a
Mcrs1,f
Wdhd1,e
Tob1,f
Ephx3,e
Pkd2l1,f
Kcnh3,b
Gch1,d
Kdf1,e
Nme1,e
Adgrl3,a
Osbpl5,b
Tnfrsf23,b
Spag1,e
Atoh8,b
Wdtc1,f
Kcnk2,a
Cldn11,b
Cdkn3,e
Slc25a43,f
Zbtb42,a
Zfp60,a
Prkci,f
Phc3,b
Gpr160,f
Cdkn1c,b
Inf2,c
Esyt3,f
Atp8a1,a
Lzts3,b
Cd81,b
Fam13a,a
Cisd1,f
Gnpnat1,f
Ckap2,f
Limch1,d
Mrps26,e
Eef1a1,f
Phyhipl,e
Fam222b,d
Slc16a9,b
Mrpl23,c
Pced1a,a
Dzip1l,c
Vopp1,a
Rpl10a,e
D630003M21Rik,b
Ctnna1,f
Fbxw17,a
Abhd18,a
Tgm2,b
Smim14,b
Tspan14,f
Ppm1k,a
Sh2d4b,f
Vstm2l,b
Fdxacb1,e
Rtkn2,e
Nmrk1,f
Cpe,b
Zfp365,e
Nufip2,e
Aim2,f
Egr2,d
Ackr1,a
Jmjd1c,e
Stk35,f
Dusp8,b
Wdr19,a
Pcdh18,b
H2az1,f
Rcor1,a
Ankrd9,e
Bri3bp,f
Ankrd13b,a
Ndufv1,f
Ddx60,e
Ssh2,b
Bicd2,a
Smarce1,a
Scarb1,f
Chchd5,f
Inpp4b,b
Crp,b
Ccr7,d
Fgd3,a
Ano10,b
Nsrp1,f
Card19,e
Rflna,b
Snn,a
Ccdc92,f
Wnk2,e
Sh3rf3,d
Rmi2,f
Rara,a
Slc9b2,e
Igsf9,c
Slc24a2,a
Parp11,a
Arap2,d
Hpf1,e
Acer2,e
Dnajc22,d
Dnah10,e
Wipf2,d
Fam120a,b
Mindy4,b
Phf2,a
Tigar,f
Socs1,c
Gcc2,a
Ptpdc1,a
Sult6b1,f
Haus6,e
Dexi,b
Nod1,f
Smim3,a
Mturn,a
Cntln,a
Fkbp14,a
Kcna6,b
Tmem237,c
Hspb2,e
Sbno1,d
AW551984,b
Cdon,b
Fam210a,d
Tbc1d32,a
Ccdc50,a
Camk4,c
Rbm24,d
Stox2,b
Snrk,a
Notch3,c
Ormdl3,b
Prdm1,d
Gstp2,f
Spon1,c
Atg5,e
P3h2,a
Pde4dip,c
Ttc39b,f
Mylip,d
Slc43a2,e
Spag4,d
Chpf2,b
Hand2,a
Hoxa13,d
Pgap3,a
Hoxa11,d
Tapbpl,e
Bend3,e
Tlcd2,a
Serpinf2,b
Hoxa9,d
Gask1a,b
F11r,e
Hoxa7,a
Pdss2,e
Mical2,b
Ncapd2,e
Hoxa5,a
Bcl9,a
Gdf5,b
Trpm4,b
Sema7a,d
Fau,e
Nop2,e
Ostm1,f
Bphl,a
Kash5,e
Atg9b,f
Galnt18,b
Pdzk1,e
Wdr36,e
Snx10,f
Afg1l,f
Cd160,d
Spats2l,b
Kcnh2,a
Trpc4ap,b
Satb2,d
Tsr1,e
Mlxip,c
Txlng,e
Plcl1,b
Ankrd35,f
Ncoa6,a
Pcp4l1,b
Sbf2,a
Gmds,f
Rbm8a,f
Trp53inp2,a
Ttk,e
Setd1b,a
Pals2,f
Gpr162,c
Pmepa1,b
Foxf2,a
Hjv,e
Higd1a,e
Foxq1,d
Cdc16,b
Fig4,f
Egr1,d
Hdhd3,b
Poli,f
Usp5,f
Spsb2,b
Dennd2a,a
Abhd17c,e
Uqcrfs1,e
Olfml2b,b
Nos1ap,a
Cdk19,a
Sv2a,a
Polr2l,e
Otud7b,a
Slc19a3,e
Tmco3,b
Prr3,b
Ptov1,a
Mesd,f
Dcun1d2,b
Gdf15,f
Rpf2,e
Grtp1,f
Tbkbp1,b
Jarid2,f
C1s1,b
1700003F12Rik,d
Fchsd1,b
Armc10,f
Car14,d
C1rl,f
Rgs4,a
Cbfa2t2,f
Ubn2,a
Pcid2,e
BC028528,a
Inip,e
Cul7,a
Ranbp9,f
Ciart,e
Fndc4,b
Reep2,a
Sp6,d
Efl1,e
Bpifb5,d
Susd4,c
Sct,d
Pptc7,e
Pln,b
Akap12,f
Colec10,b
Cep85l,a
Shoc1,e
Atp6v0a4,f
Slc35f1,c
Ripor1,a
Samd10,e
Gng10,b
Dock10,b
Mcl1,e
Rassf7,f
Ensa,a
Med30,f
Nepn,b
Polr3k,a
Zkscan16,a
Degs1,f
Lrrc56,a
Pold1,e
Creb3l2,a
Sycp2l,f
Herc1,a
Dgki,c
Mybpc2,e
Scube3,b
Trps1,a
Pak1ip1,e
Rtel1,e
Hoxb4,b
Mapkap1,a
Taf5l,f
Hoxb5,a
Dsel,b
Mindy1,f
Pbx3,a
Hoxb7,d
Bud31,e
Pakap,d
Mboat1,e
Wdr26,d
Nudcd1,e
Shank1,b
Mvb12b,a
Angptl6,e
Nlrp6,a
Ttll6,f
Nup205,e
Abcf1,e
Alpk3,f
Ptpn3,e
Lmx1b,d
Kdm3b,f
Vill,c
Ephx1,f
Sema6c,b
Stap2,e
Lefty1,e
Zscan2,a
Sde2,e
Gngt2,e
Ctnnal1,e
Abitram,d
Ralgps1,c
Agbl3,a
Vars2,f
Gcnt1,c
Ythdf1,e
Itpkb,b
Baiap2l1,e
Pi4kb,b
Zcchc2,f
Zfhx3,a
Rnf146,a
Mrps34,e
Shfl,c
Man2a2,b
Irs2,d
Rpl12,d
Kat7,f
Plcl2,d
Dido1,f
Rccd1,d
Tcfl5,e
Sccpdh,d
Prc1,e
Cnst,a
Slco4a1,e
Pdk2,b
Lmtk2,e
Rabggtb,e
Ppp1r9b,b
Rbbp8nl,e
Bloc1s5,a
Tspyl5,a
Cables2,a
Txndc5,b
Rps21,e
Bmp6,d
Cpq,a
Siglecf,f
Timm8b,e
Mtg1,e
Arhgap18,b
Tasp1,d
St6galnac5,b
Adrm1,e
Arpin,a
Pigk,a
Foxred1,e
Osbpl2,a
Eme1,e
Myo16,b
Anpep,e
Psmd7,e
Mtg2,e
Cpa4,b
Zfp503,b
Ss18l1,b
L3mbtl3,a
En2,f
Wdr93,f
Marchf6,a
Nexn,b
Lsm14b,c
Mycbpap,a
Itga9,b
Adgrg6,f
Prune2,f
Zc3hc1,e
Gipc2,f
Camk1d,f
Sart1,f
Runx2,d
Shd,a
Cdh26,a
Stim2,a
Ube2h,a
Adgrl4,a
Dap,a
Polg,f
Tbc1d19,a
Tekt5,e
Nubp2,e
Fanci,f
Rbpj,e
Rlbp1,f
Ptchd3,e
Zdhhc1,b
Atf7ip2,f
Tbc1d25,f
Abhd2,d
Ciz1,a
Daglb,c
Metrnl,c
Rpl39l,f
Gpatch2,d
Arid4b,a
Ppp1r10,d
D1Pas1,e
Tbcd,f
Suv39h1,d
Stx11,b
Tbce,e
Sec24d,b
Isg20,e
Zfp750,f
Tgfb2,a
B3galnt2,d
Lgi2,b
Vstm2b,b
Prrc2b,f
2300002M23Rik,f
Megf9,b
Pcsk1n,b
Azi2,a
Fndc3b,b
Ndst2,b
Minar1,a
Rab3gap2,a
Igfbp2,e
Rnf122,a
Tex19.1,f
Tsga10ip,e
Tex19.2,f
Mettl22,d
C130074G19Rik,f
Exosc2,e
Fut11,b
Sec24c,a
Marchf4,b
Wdr17,a
Hlx,a
Wdr45,f
Dusp10,a
Cdh6,a
Mreg,f
Neil3,a
Prss23,d
Prdm16,f
Cntnap2,e
Tmem135,f
Mtmr7,e
Dcxr,e
Morc3,f
Mtmr12,f
Tcta,b
Zdhhc2,a
Ubn1,a
Wfs1,f
Prrx2,a
Tnrc18,b
Nt5dc1,e
Nrtn,f
Asb6,e
Tspyl4,b
Dse,f
Znfx1,f
Nup133,e
Cdsn,f
Cyp7b1,b
Atp8b1,c
Stau1,a
Sgcz,f
Ncam1,a
Ajap1,b
Rsph4a,f
Ppp1r3f,b
Ccser1,a
Grin3a,a
Myo9a,a
Rcan2,b
Rbms3,a
Pgap4,b
Mocos,e
Ap5z1,e
Hs3st6,e
Strip2,e
Hnrnpu,e
Lonrf1,b
Zfp189,a
Mrpl12,e
Vasn,b
Kyat1,f
Cpeb3,f
Spout1,f
Dusp26,a
Capsl,f
Tbc1d13,f
Lap3,f
Sdk1,b
Zer1,a
Ncoa7,b
Usp53,e
Lmbrd2,d
Ldb2,b
Plekhg5,f
Dock3,e
Ralyl,a
Fnbp1l,a
Prkrip1,e
Slx4,b
Alg2,a
Htatip2,f
Orai2,b
Exo1,e
Dnttip2,e
Thap3,a
Dnajc28,a
Cc2d2a,a
Dnajc11,e
Polr2j,e
Galnt12,f
Cep131,a
Cpeb2,d
Ncoa5,a
Gabbr2,b
Zc3h10,d
Tbc1d2,e
Myl6b,a
Wdr70,f
Olig2,f
Arhgap29,a
Slc45a1,e
Mcph1,f
Pcif1,b
Endov,a
Rere,d
Heca,b
Lrrc17,b
Txlnb,f
Eva1c,f
Gpr37,b
Slc26a11,b
Pak5,b
Rhbdd2,d
Urb1,e
Pik3cd,e
Ptger4,a
Stk32a,e
Etfbkmt,a
Hip1,b
Rhou,b
Tbc1d16,b
Dtx4,a
Ccdc32,b
Sinhcaf,e
Phtf2,f
Ankrd13c,e
Cbx4,b
Timeless,f
Ifi203,a
Magi2,a
Ginm1,b
Gnaz,c
Slc7a5,e
Fkbp6,f
Ptger3,a
Cox15,f
Lats1,a
Rab11fip2,a
Ythdf2,f
Saa3,f
Ipo8,e
Nup43,e
Disp2,b
Negr1,b
Ift88,c
Orc3,e
Baz2a,f
Plcb2,a
Bub1b,f
Bmf,a
Klhl42,b
Plpp6,b
Gramd1b,f
Mrps35,e
Cacna2d1,a
Zmym5,a
Gorab,a
Abcc8,e
9430038I01Rik,e
Rgl3,a
Maob,b
Hs2st1,b
Thbs1,a
Tax1bp3,a
Kcns1,e
Ikzf5,a
Fmo2,b
Fmo1,b
Ankrd6,a
Odad1,e
Pclaf,a
Zfp704,a
Emp3,b
Kyat3,f
Ttc12,e
Gas8,a
Tm7sf3,f
Fgfr1op2,a
Lrp1,b
Ints13,e
Gbp7,b
Sema3d,b
Nxph4,d
Daam2,a
Klhdc4,e
Dnm3,b
Mrps28,f
Bach2,a
Accs,a
Cdk6,d
Pacsin1,e
Ndufa4l2,d
Cdin1,d
Btnl9,b
Hey1,d
Rigi,f
Rbm48,f
Alx4,a
Zfp770,c
Slc25a24,a
Dcaf1,f
Cul9,b
Il7,b
Nsmce4a,f
Arhgap9,f
Trim7,f
Ankib1,b
Mars1,e
Ufl1,d
Sec1,f
Gpr63,a
Pex2,a
Cbln3,a
Aqr,e
Ppp1ca,f
Klhl32,d
Map3k10,b
Abhd13,a
Akap9,a
Elapor1,c
Dtx3,a
Cdh18,a
Rc3h1,a
Plekha4,f
Ltb4r2,e
Zbtb38,f
Large2,e
Ppp1r15a,d
Cdh12,a
Usp45,d
Os9,a
Mybbp1a,e
Gtpbp10,e
Blvrb,e
Rabggta,e
Cfap69,d
Xaf1,f
Ltbp4,c
Sox30,a
Lrfn2,b
Igsf23,f
Abcg5,b
Pvr,f
Manea,a
Tsfm,e
Zfp609,c
Cblc,e
Abhd11,e
Necab1,b
Adam22,a
Pitpnm3,b
Tex2,d
Otud6b,e
Wdr7,a
Plppr2,b
Apoc1,f
Btaf1,e
Slc26a7,b
Rundc3b,f
Abcb1a,f
Ofd1,e
Cstpp1,a
Cd79b,d
Ranbp17,f
Pogk,a
Bace2,b
Kazn,f
Tlx3,f
Ildr2,d
Apobec1,e
Tmem51,f
Gemin8,a
Aicda,e
Mael,e
Dok4,b
Rimklb,f
Cyp2b23,f
Tasor,e
Oaz2,a
Ppp1r14c,c
Dnph1,f
Rad54l2,d
Clcf1,d
Sh3bgr,a
Nup88,f
Phc1,e
Mthfd1l,f
Kremen2,e
Hmgn1,e
Tbl3,e
Col16a1,b
Slco4c1,f
Apobec2,f
Limd2,c
Ap1g2,f
Cyp2s1,d
St8sia4,a
Sh3pxd2b,b
Camta2,b
Creg1,f
Klc3,e
Il17rd,d
Zfhx2,f
Rcsd1,b
Kcna2,d
Hesx1,f
Erg,a
Ppp1r13l,c
Ints8,e
Siah1b,e
Myh6,e
Snrnp25,f
Oard1,f
Cop1,a
Ttc3,a
C1qtnf4,b
Iqsec3,b
Eml2,e
Tex264,f
Snrpd2,e
Catsperd,f
Gpr161,a
Six5,a
Sft2d2,a
Psme4,f
Plekhh2,b
Reps2,b
Dlk1,b
Erf,f
Begain,b
Osbpl10,d
Gfer,e
Foxa3,c
Kcnd3,b
Atp1a3,e
Fbxw4,d
Slc19a2,f
S100pbp,f
Rfx3,a
Tet2,f
Rcc2,f
Mgl2,f
Rps19,e
Cables1,d
Asgr2,f
Igsf21,c
Mill2,b
Sh3kbp1,a
Abhd4,a
Npnt,b
Trim62,b
Cmtm8,e
Nrg3,c
Map7d2,f
Iffo2,c
Ghitm,e
Irgq,a
Ramp3,e
Wdr43,e
Pif1,f
Nacad,b
Fzd7,c
Grid1,a
Rwdd2b,d
Elmo1,e
Iqsec2,b
Ccdc8,a
Pde9a,b
Nbl1,b
Msantd4,a
H2az2,a
Zfp598,f
Smc1a,d
Pnma8a,c
Tmco4,f
Dnah7b,a
Brca2,e
Osgin2,d
Otud3,e
Zmiz2,e
Lonp1,e
Prkd2,b
Pla2g5,f
Trir,d
Map6d1,f
Yeats2,a
Elovl6,f
Chd7,d
Vps41,f
Pklr,c
Zfp236,a
Car8,d
Rusc1,b
Tox,a
Sox15,f
Katnal1,a
Cftr,b
Gtf3c3,e
Nkx6-2,e
Slc7a1,f
Thoc6,e
Ak7,f
Inhba,b
Atp1b2,b
Ankrd42,a
Wrap53,f
Ssr2,f
Tcl1,f
Pum3,e
Shtn1,d
B4galnt3,f
Ccdc9,e
Cldn5,b
Mettl18,e
Wapl,f
Pik3r1,b
Meis3,a
Paqr6,b
Nthl1,f
Ccnb1,e
Utp4,e
Gk5,f
Arhgap32,e
Mmrn2,f
Tardbp,f
Shld2,e
Dcp1b,a
Serpina3g,b
Piezo2,b
Stx3,e
Cep78,e
Kif14,f
Rrp9,e
Irf8,c
Rnf123,a
Sox5,a
Hspb8,f
Ptchd1,c
Fbxo2,f
Fmod,b
Nop53,e
L3mbtl4,a
Camsap2,a
Selenow,b
Prelp,b
Sdk2,a
Cdc42ep4,a
Inava,c
Mbp,f
Entpd3,f
Ggact,e
Mrps27,e
Kctd12b,b
Gcn1,e
Kif21b,d
Ddx24,e
Klf8,f
Pcca,d
Slc39a11,f
Rragb,e
Rims1,f
Pyroxd1,a
Lrrc18,d
Amot,d
Kcnj2,b
Rasl12,a
Lhfpl1,b
Btbd7,a
Zic5,e
Trpc5,b
Ubr7,e
Alg13,f
Coro2b,f
Pgm5,a
Coq5,e
Tspo,d
Rnf10,e
Pde3a,a
Utp15,e
Plekha6,b
Tpp2,d
Ppp2r2d,e
Slc24a4,d
Ydjc,e
Tram2,b
Myrip,b
Abca9,e
Phlda3,d
Pramel1,e
Poldip3,f
Fam169a,e
Oasl1,e
Sytl3,e
Ptpre,a
Pdcd7,f
Haus1,e
Rpl37,f
Fhdc1,d
Rhod,d
Ppp4r3a,e
Tcf20,a
Mcm3,f
Ipo9,a
Macc1,e
Shisa4,b
Wipi1,b
Gpr45,a
Tdrkh,e
Ammecr1l,a
Slc16a6,d
Rnpep,f
Fam222a,d
Rimoc1,d
Mfsd9,c
Tango6,e
Pkp2,e
Znrf3,d
Dcaf17,e
Spidr,e
Mettl8,d
Arhgef11,a
Zbed3,a
Foxn4,e
Acacb,f
Wdr41,a
Mat2b,f
Igsf3,b
Csgalnact2,b
Dstyk,b
Dync2i1,a
Zfp386,a
Tmcc2,a
Abhd14b,b
Hnrnpf,e
Arsb,b
Kank3,f
Dmgdh,d
Inpp5f,c
Inka1,b
Csdc2,a
Ccdc115,f
Bhmt2,d
Rassf4,b
Cox10,e
Klhl23,a
Dzip1,b
Pnliprp1,a
Cmklr1,f
Slc35f2,e
Slc35e2,a
Kdm5b,f
Zfand4,a
Bag2,c
Sgsm1,e
Lyn,f
Pm20d1,f
Cilp,b
Ptchd4,a
Isl1,a
Slc26a9,f
Nxt2,e
Sestd1,c
Itga1,a
Stab1,a
Mrtfa,b
Gm5617,b
Ttc19,a
Ehbp1,b
Tmem183a,e
S100a13,f
Prox2,b
Pbrm1,a
Specc1,a
Ctf1,d
Ubash3a,f
Arl15,f
Ikbke,d
Arel1,a
Frem3,b
Gnl3,e
Gjb5,f
Osbpl6,a
Snx18,f
Gjb3,f
Dmrt3,f
Fam83g,e
Esm1,a
Smim12,f
Dlgap3,f
Tsen2,e
Crtac1,f
Atf4,e
Prdm14,f
Ccno,e
Fbrs,a
Frmpd3,b
Dhx29,e
Mgat3,b
Adora1,b
Mfap4,b
Zfp532,c
Mindy2,b
Hoxd1,d
Reln,b
Dctpp1,e
Tbc1d8b,b
Abcb4,a
Tfap2e,e
Leo1,e
Clspn,f
Tbc1d10b,f
Radx,c
Ago4,a
Cd2bp2,f
Sdhaf3,c
Usp22,a
AA986860,b
Klhl14,e
Pwwp3b,a
Dnal1,a
Sun2,b
Kcnj12,f
Gtpbp1,f
Asxl1,f
Sin3a,f
Dhrs7b,f
Ube2q1,f
Thsd7b,a
Cux2,a
Ipo11,f
Sh2b3,d
Fam199x,a
Kdm7a,d
Hirip3,f
Asb4,a
Pbxip1,b
Oscp1,a
Maff,d
Pla2g6,e
Flad1,f
Itpr3,f
Alkbh5,f
Wdr55,e
Rgs8,b
Ypel3,d
Garem1,c
Stn1,a
Dhx9,f
Commd10,f
Tceal9,a
Naa25,e
Map3k9,e
Trafd1,a
Wdr74,e
Ttc9,e
Dpm3,b
Bmt2,a
Hectd4,a
Id1,a
Nmnat2,f
Tmem108,a
Apobr,f
Maneal,f
Trim46,c
Hebp1,f
Smg7,f
Exog,b
Rnf214,a
Lgr6,d
Gpr153,d
Hecw2,a
Gpx2,f
Krba1,c
Foxf1,a
Snai1,d
Fgf11,b
Nrep,a
Serpinb6b,b
Lrrtm3,b
Zc3h6,a
Trp53rkb,f
Lhfpl4,c
Aida,b
Mamstr,b
Greb1l,d
Egflam,b
Notum,d
Nhlrc3,d
Rasef,e
Gng2,a
Klhl6,a
Ptgir,b
Edem3,a
Ccdc63,f
Disc1,b
Fscb,a
Tmem18,a
Synpo,b
Tmem82,d
Zfp866,a
Tuba1c,f
Hic1,b
Lrrn4,e
Mob1a,a
Tmem186,a
Crppa,b
Ppp2r3a,a
Hpdl,e
Pyurf,a
Simc1,e
Rfesd,a
Hoxa6,a
Exoc3l,e
Tmem64,b
Fam13c,e
Trim56,a
Tmem11,e
Mei4,e
Zfp784,a
B3galnt1,b
D17H6S53E,a
Pcdhb19,a
Fbrsl1,f
Filip1l,a
Hoxd9,d
Gprasp1,a
Tmem130,b
2510009E07Rik,a
Gpr135,f
Usp48,f
Otud1,f
Rnf227,a
Eif3j2,e
Leng9,b
Epop,f
Pgp,f
Gjc2,b
Zfp536,b
Pcdhb12,a
Elfn2,b
Sptssb,b
Rab9b,b
Zbtb37,a
Acot6,a
Tril,b
Lgals2,b
Hscb,d
Rai2,a
Sorcs1,a
Setx,e
Zc2hc1a,b
Fbxl7,a
Mdga1,b
Pxylp1,b
Unc5cl,f
Vps37d,a
Ubxn10,f
1700019D03Rik,e
Adamts3,a
Rbm20,d
Pld6,e
Tox3,b
Dpy19l3,b
Kcns3,f
Fem1a,b
1190005I06Rik,e
Pde12,e
Rpl7,e
Col6a6,b
Ptpn11,d
Dmrta1,d
Rtn4r,b
Adamtsl5,d
Lysmd4,a
Tmem145,e
Taf10,e
Zmym1,f
Kbtbd7,a
Slc36a4,a
S1pr2,b
Zfp469,b
Trp53bp1,a
Ncmap,f
Wdfy3,a
Naalad2,b
Orai3,c
Emx2,a
Spata31d1d,e
Pura,d
Gls2,e
Cilp2,f
Pcdhb21,a
Rell2,c
Slc35g1,f
Irf2bp1,a
Ccdc141,b
Npb,d
Als2cl,e
Pcdhb14,a
Tafa2,b
Eml6,a
S100a1,d
Bmerb1,e
Proca1,a
Pheta1,a
Arf6,f
Nkrf,e
Bclaf3,f
Rnf182,a
Bcl2l15,e
Foxo1,e
Wfikkn2,b
Gpr146,a
Cdc25c,f
Kcnj4,d
Nkx2-3,a
Grsf1,d
Dnajc21,f
Nxpe4,a
Pced1b,f
Pcsk9,e
Ctla2a,a
Crb3,e
Cnr1,c
Zfp879,a
Cdkn2a,f
Gpr4,d
1700001O22Rik,f
Trp53i13,b
Aplnr,d
Alkbh2,f
Marveld1,b
Slc25a53,a
Lacc1,d
Ccdc89,a
Tmem74b,e
Cxxc4,a
Tigd3,a
Dsg2,d
Sptssa,a
Cryga,f
Camsap3,e
Dock5,f
Zfp507,a
Rin3,b
Shisa2,a
Fhip1b,f
Tnfaip8l1,b
Zfand3,a
2510039O18Rik,f
Zfp758,a
Tram1l1,a
Rps2,e
Dact1,a
Tceal3,a
9930012K11Rik,e
Cage1,a
Acp1,e
Garem2,e
Dnd1,e
Smim7,a
Zbtb39,a
Liph,f
Rnf208,f
Cnrip1,b
Pard6b,e
Zbtb7c,b
Csrnp3,a
Prss42,e
Fzd1,a
Zfp612,a
Ly6k,f
Cnpy1,f
Palb2,e
Ccnjl,d
Gskip,a
Serpinb1a,f
Klk14,a
Abca6,b
Trmt10c,e
Fads6,f
Zfp354c,a
D630023F18Rik,f
Ankrd45,f
Lsm11,b
Lemd2,f
Ankrd50,a
Uqcrq,e
Syt16,b
Rassf9,d
H1f10,a
Cfap43,f
Ubtd2,a
Kctd21,b
Fbxo48,a
Napepld,f
Tst,f
Fzd5,f
Tubg2,b
Prrt3,f
Gm4779,e
Cetn4,a
Ankrd34b,e
Prkce,a
Megf8,b
Lrfn4,c
Kcng3,e
Pcdhb7,b
Lingo2,b
Magi1,a
Slc25a26,e
Dmd,f
Ccdc73,e
Prrt2,b
Rpl18a,e
Tubb2b,f
Pigw,c
AI467606,f
Amer3,d
Sox3,e
Shroom2,e
Cirbp,a
Lrrc3b,c
Dpy19l4,d
Vcpip1,a
Asxl3,a
Hs6st1,f
Rln3,e
Eola1,d
Cenph,f
Lca5l,a
Gpr20,b
Dcaf12l1,f
Rtn4rl1,e
Insig1,e
Lhfpl2,b
Sowahb,e
Fahd1,a
Proser2,d
Zfp423,a
Nyap1,d
Sh2d5,e
Wdr81,a
Tmem88,e
Cxcr4,d
Or5m3b,b
Epcam,e
Dipk2a,b
Gprin3,b
Ttll13,f
Bhlhe23,e
Pcdhb3,a
Zfp560,a
C1ql1,e
Kcna5,b
Mettl24,b
Mc2r,a
Penk,b
St7l,a
Frrs1l,f
Olig3,f
Glb1,f
Zfp553,f
Dbx2,e
Chrm2,b
Esf1,d
Tmprss12,f
Mtus1,f
Zfp629,a
Pcdhb10,b
Pid1,e
Plekha7,f
Cdc42ep2,b
Mfsd5,e
Smtnl2,f
Col27a1,b
Tcf21,a
Pcdhb4,b
Wdr89,e
Thtpa,b
Gm21411,e
Adrb2,f
Pnoc,b
Sprn,c
Mms22l,e
Zfp764,a
Basp1,c
B230219D22Rik,a
Slc16a5,f
Ccdc149,b
Whamm,f
Zfp36l2,d
Zswim3,f
Serpinb9,b
Ccdc9b,a
Lyrm2,a
Cradd,f
Slitrk6,a
Pcdhb8,b
Pam16l,e
Paip2b,e
Ccdc42,a
Tmem268,d
Clec14a,a
Ifit2,a
Mtmr11,b
Mrps12,f
Cavin2,b
Slc25a51,a
C2cd2,b
Tmem104,b
Eif4g1,e
Onecut2,b
B3gat1,b
Polr2k,e
Naa11,f
Pnlip,a
Pofut1,b
Calhm6,e
Otulin,e
Sbsn,a
Ppp1r15b,d
Igfals,f
Lrrc8d,e
Hpcal4,c
Mosmo,d
Mcmdc2,f
C130073F10Rik,f
Patl1,d
Fut10,a
Chrm3,a
Olig1,f
Gldn,d
Adamts6,b
Magea13,f
Gsg1l,b
Cd109,f
Pcdhb20,a
Pnma2,c
Cym,b
Scand1,a
Usp27x,a
Zfp62,a
Myorg,f
Stxbp6,a
Ccbe1,b
Hs3st2,b
Dppa3,f
Ermp1,e
Slc25a23,a
Rpl37a,e
Fam178b,f
Gpat2,e
Zfp322a,a
Gjb2,e
Rpl27a,e
Mgat4e,e
Jrk,a
Pcdhb17,a
Rbp1,b
Yod1,a
Kcnk6,c
Lrrc75a,a
Hnrnpa1,e
Ppm1e,b
Camk2n1,b
Nexmif,f
Sox18,b
C1qtnf2,b
Tafa4,e
Cox17,f
Golph3l,a
Ar,c
Zfp526,b
Fam43a,d
Spin2c,b
Zfp319,a
Unc119b,f
Zfp518b,d
Ticrr,f
Tmem215,a
Bdh1,f
Hrk,c
Oacyl,a
Olfml2a,c
Gjb4,f
Zfp316,a
Cxxc5,d
C87436,a
Tifa,b
Chtf8,a
Tent5b,e
Slitrk4,b
Mapk10,c
Hmga1,e
Foxc2,a
Bst2,e
Cdc42se1,e
Cystm1,d
Kctd11,a
Gprc5a,f
Fat4,a
Tmem45a2,e
Mrps7,f
Fam83h,e
Rhoj,b
8030474K03Rik,e
Epm2aip1,b
Riox1,e
Zfp787,a
Ppp1r3b,a
Mpeg1,a
Lrrc75b,b
Gchfr,e
Ddit4l,e
Slc39a3,b
Krt1,b
Ckap4,b
Vat1l,b
Pip5kl1,e
Pramel12,a
Fbl,e
Mbtps2,d
Atxn1,a
Irgm1,e
Tefm,f
Myct1,b
Mageb16,f
Adck2,b
Nqo2,e
Slc26a1,b
Zbtb21,d
Tshz1,a
Tapt1,b
Mars2,d
Spsb4,a
1110032F04Rik,d
Zfp41,a
Fbxo41,e
Pcdhb15,a
Zfp445,a
Nipa1,b
Prr15l,f
D030056L22Rik,f
Tmem164,a
Ngrn,e
Lrrc4b,b
Tmem198b,b
Rnf31,f
Ticam1,b
Cltc,f
Cd24a,a
Zfp654,f
Dmrta2,f
Tet1,e
Khnyn,a
Neurl3,a
Samd14,a
Rab2a,a
Dync2h1,a
Dusp18,a
Rpl9,d
Iho1,e
Fam185a,e
Gm527,a
Mageh1,a
Taf9b,a
H2bc6,a
C2cd3,a
Ptgs1,d
Mc4r,b
Emc6,e
Gap43,b
Zfp358,a
Sfn,f
Pcdhb13,b
Kcne4,b
Zfp286,a
Mettl21c,a
Lancl3,c
Cstad,b
Abhd17b,d
Zfp768,a
B4gat1,b
Atmin,f
Tgif1,f
Ctdspl,a
Zbtb44,f
Flrt2,b
Rexo1,c
AI837181,b
Erfe,e
Gphn,a
Zfp30,a
Klhl34,f
Dlgap2,a
Adamts12,a
Cldn4,e
Baiap3,b
Tspyl1,a
Mis18bp1,f
Cltb,f
Tmem41b,f
Lxn,b
Nccrp1,f
Mafa,f
Zfp235,b
Frat2,f
A430005L14Rik,e
Paxx,b
Apof,f
Fgfbp3,d
Pdha2,e
Rps8,e
Rtl3,b
Yipf6,d
Or2y16,e
Ust,a
Ppp1r2,d
Bola2,e
Fcgbp,e
Wbp1l,a
Samd9l,b
Rnf150,a
Zc3hav1l,a
Utf1,e
Hs3st3a1,a
Lrrc49,a
Ankfn1,a
Lix1,a
Flrt1,b
Sned1,b
Ccdc88b,e
Pygo2,b
Diras2,a
Bex4,e
Gimap6,a
A4galt,f
Usp14,e
Rell1,f
Tnrc6b,a
Sstr2,b
Tshz2,a
Ankrd16,c
Pcdhb16,a
Stbd1,b
Palm3,e
Ino80c,f
Prrg1,b
Gigyf2,d
Tmem196,b
Timm8a1,e
Zfp473,e
Tmem229a,e
Rgmb,b
Arxes2,a
Zbtb33,a
Ldlrad3,d
Cyb5r2,d
Pirt,f
Tenm4,b
Ahcyl,e
Lmod1,b
Entpd1,a
Col6a3,b
Nat8l,e
Nwd1,a
Selplg,e
Mcmbp,e
Asb8,f
Gpr85,a
Amigo2,d
Fbxo10,b
Rnf149,e
Gng7,a
Bcl11b,d
Dip2c,c
Syngr2,d
Sacs,d
Zfp738,a
Dleu7,e
Frmd6,f
Slitrk3,b
Ankrd46,b
Pskh1,a
Ric3,d
Npy4r,c
Pcdhb18,a
Pou4f1,f
Coa7,f
Arxes1,a
Pdp2,f
Fgfbp1,f
F2r,a
Socs4,a
Scrt1,b
Osr1,b
Fam171b,a
Zfp407,a
Mlf1,e
Timm29,a
Msx1,d
Inka2,c
Spata33,a
Mypop,b
Fitm2,b
Depp1,b
Nrip1,a
Tyw5,e
Mmgt2,a
Duxbl1,a
Nkx1-2,d
Phldb1,b
Sp8,d
Mlec,f
E130311K13Rik,b
Igf2,b
Myof,f
Nog,d
Ctxn1,a
Lemd3,d
Rhno1,a
Mex3d,c
Krt90,d
Ccdc6,e
Tprn,f
Tbc1d12,d
Zfp454,a
Prss50,e
Mcat,f
Rpl29,e
Hoxb3,a
Tmem53,b
Insc,c
Dcun1d3,f
Slc35e4,b
Lonrf2,b
Dact2,f
Vps37c,b
Slc39a9,a
Vstm2a,b
Slc25a47,a
Arhgap30,f
Phf3,d
Cdk5r1,b
Zfp710,f
Bnip5,f
Rnf24,a
Efna5,a
Fkrp,c
Cdca2,f
Tada3,f
Nr1h5,a
Prex2,d
Mrgpre,a
Nrsn1,c
Atxn7l2,b
Ndnf,a
Clec4a1,f
Armcx3,a
Acap2,a
Bmyc,b
Sephs2,e
Gpr137c,a
Ankrd34a,c
Pcdh10,b
Dcaf5,a
Ntf3,b
Agtr1a,d
Fam110b,a
Frmd3,c
Plcxd3,b
Purg,a
Rtl5,a
Pdp1,b
Myef2l,e
Hcar1,a
Lrp1b,a
Kcnk3,b
Scn3b,b
Mblac1,b
Iba57,f
Lix1l,a
Prss38,e
Zfp219,f
Syt12,f
Fut4,a
Sorl1,f
Zfp2,a
Smcr8,a
Kmt5a,e
Tenm2,a
Retreg2,b
Dcaf7,b
Krt8,d
Cox7b2,e
Gemin4,e
Ogfr,a
Prokr1,a
Tmem241,b
Tmem200a,b
Zfp260,a
Chchd10,f
Aff4,a
Ctu2,e
Tmem67,a
Pls1,e
Dtx3l,e
Htr1b,b
Espnl,e
Spty2d1,b
Rps23,e
Cdc42ep1,b
Sall2,c
Tceal1,a
Adamts16,b
Clip1,a
Fzd9,f
Polr1a,e
Tmie,e
Lingo1,a
Zfpm1,a
Tsku,b
Zbtb45,f
Hoxb13,f
Zfp644,a
Slc17a5,d
Tifab,f
2310022A10Rik,f
Zbtb5,a
Urgcp,b
Orai1,d
Pheta2,b
Nckap5,b
Nkx3-2,a
Gal3st1,e
Rpl36al,e
Zfp672,b
Zfp280b,d
Tmsb4x,b
Fzd4,a
Armcx4,a
Arhgap23,b
Fam161a,f
Zbtb12,a
Suox,a
Arl4c,e
Nlrc3,e
Calhm5,f
Rasl11b,b
2610318N02Rik,e
Slc35c1,f
Glp2r,a
Lpar4,c
H2ax,f
Lrrc4,a
Rpp38,d
Ccdc137,d
Mrps16,e
Plekhf2,f
Glt1d1,e
Ppp1r3d,b
Idnk,e
Shisa3,a
Pitpnb,e
Rap2c,a
Ccdc158,e
Tdrp,f
Zfp697,a
Grem2,b
Bex1,d
1600012H06Rik,b
Tmc8,d
Haspin,e
Vwa3b,f
Sarm1,e
Kcnk12,e
Slc25a44,b
F2rl3,a
Slc9b1,f
Mchr1,b
Rhox13,f
Eva1b,b
Il17d,f
Pigm,a
Gja4,b
Hic2,f
Heatr1,e
Evc2,b
Dscam,a
Fzd2,a
Foxc1,a
Synpo2,b
Neto1,a
Ndufaf6,e
Amer1,a
Lgals3,d
Carmil2,e
Sprr1a,b
Hoxd10,d
Snx21,b
Septin6,c
Kif7,a
Armcx6,c
Tnfsf15,a
Foxl2,b
Tcf19,b
Ppp1r3g,d
Pnma5,e
Lypd6,d
Slc35d3,e
Fbxl22,a
Pcdh20,a
Fam171a1,b
Htr5b,f
Adra1b,d
Fam241a,a
Hyls1,f
Kcnb1,a
Prokr2,d
Maml1,a
Lrrc4c,b
Fam78a,f
Zfp61,a
Catsperz,f
Gpd1l,e
Ubald2,f
Tmem150c,d
Trhde,a
Vstm4,b
Ism2,d
Emilin3,b
2310061I04Rik,e
Ftl1,e
Scg2,b
Plekho2,b
Arhgap42,a
Vamp8,b
Ptges,f
Pgbd5,f
Tmem37,e
Fam131a,b
Slc29a4,e
Sstr5,f
Vwc2,b
1700020N01Rik,e
Zfp623,a
Phospho1,f
Spata31d1a,e
Rtn4rl2,b
Tvp23a,a
Ankrd37,e
Fgf4,f
Dcaf12l2,b
Map10,f
Amigo1,b
Gja1,d
Zfp169,a
Insl6,e
Prkca,b
Lin28a,e
Gdpgp1,f
Selenon,b
Gatd1,b
Hs3st1,b
Serpinb1b,f
Zfp11,a
Zfp455,a
Olfml1,b
Gprc5c,e
P4ha3,a
Fbll1,b
Lingo3,e
Mblac2,a
Sv2c,b
Garin5a,a
Camk2n2,f
Adnp,a
Commd3,b
Cited1,d
Eml5,d
Rpusd3,e
Zfp42,f
Plcb1,b
Fam174a,a
Ercc6l,e
Bzw1,e
Tmem199,f
Gen1,f
Msrb3,b
Pcdhb9,b
Nhlh1,a
Jagn1,f
Trap1a,f
Zgrf1,e
Gdf6,b
Pcmtd1,d
Usp42,a
Ffar2,f
Taf7,e
Mtln,e
Pcdh19,a
Nup160,e
Cacna1c,b
Gfod1,b
2900026A02Rik,b
Zfp52,c
Rab11fip5,f
Plekhm3,f
Spryd4,f
Zfp46,b
Ncald,a
Six1,e
Plpp7,b
Pcdh1,e
Kif18b,f
Flrt3,a
Ywhag,f
Kctd16,e
Ppp1r37,b
Plagl2,d
Ccdc157,b
Cd14,b
Bbs12,a
Meioc,e
Spn,e
Pcdhb11,b
Irf2bp2,b
Tlr6,b
Wdfy4,f
Mafg,d
Fam181b,a
Arhgef39,f
Rps19bp1,e
Usp29,a
Zfp579,a
Pusl1,e
Otud6a,e
Otop1,e
Pcdhb2,a
H1f4,a
B3gnt2,f
Lrrc3,c
Coa6,e
Dcun1d4,a
Trim32,b
Pcdhb6,b
Pcbp1,f
Kcnf1,e
Kctd14,b
Mettl5,f
Rinl,f
Fam229b,a
Ttn,e
Xrcc1,f
Tubgcp6,c
Nlgn2,a
Cox6b2,f
Sox12,a
Rhox2a,f
Rtl8c,d
Mest,a
Klhdc1,d
Sox6,a
Rspo2,b
B3glct,f
Xkr4,b
Erich1,f
Casr,f
Smim11,a
Lax1,f
Btla,f
Slc6a7,f
Tagap1,b
Pfdn4,e
Klf13,e
Zfp217,d
Pard3b,a
Dock8,d
Gnpda1,d
Mtcl1,d
D630039A03Rik,f
Akr1b7,b
Foxo6,f
Rbm12b2,a
Babam2,f
Rasal3,e
Rps10,e
Plpp2,e
Acvr2a,a
Serpinb6c,f
Ppp1r36,a
Epx,e
Zfp622,f
Bhlha15,e
Cdc42se2,e
Lrrc15,f
Ankrd44,b
Immt,e
Cemip,f
B630019K06Rik,b
Tmem106c,a
Il1rapl1,a
Mpp3,c
Actn2,e
Nrros,e
Rft1,a
Mogat2,d
Ezr,e
Tchh,c
Smim30,b
Bmpr1b,a
Zfp961,f
Get3,e
Atp6v1a,f
Cherp,e
Pkdrej,b
Epha3,a
Nav2,c
Robo2,d
Spdya,a
Nup188,e
Pbx1,a
St6galnac3,b
Adarb2,a
Cpne8,b
H1f3,a
Hook2,e
Dlg2,a
Lrrtm4,a
Serp2,b
Plekhg3,d
Rnf103,a
Zfp112,b
Zmat1,a
Jun,d
Tln2,b
Tnrc6a,a
Zfp608,a
Map1b,c
Suclg1,e
Swt1,f
A630001G21Rik,e
Oas1a,f
Grk4,b
Nup107,e
Atad2b,f
Cysltr1,e
Sae1,e
Junb,d
Reep1,a
Nrk,a
Prkcb,c
Lamb2,a
Cyp2j6,a
Msl1,a
Senp7,a
Prkg1,b
Rnaseh2a,f
Ctif,b
Glis3,f
Rnf157,a
Cpvl,f
Gas1,b
Mrpl35,f
Ube2ql1,b
Uba2,e
Creb5,a
Krcc1,a
Sv2b,b
Spink2,e
Brsk2,c
Jam2,f
Cfap300,c
Zfta,b
Lins1,a
Myh7,e
Tmem248,f
Fank1,e
Socs3,b
Rnf26,a
Mapk11,e
Ptprt,a
Spag16,d
Cdh22,d
Bcl3,f
Mllt11,b
Prx,f
Arhgap20,b
Raet1e,f
Dspp,b
Aldh1a1,b
Ddx10,e
Rab4b,f
Nrgn,f
Gatd3a,b
Tarm1,f
Zfp943,a
Rxfp2,a
Zfp952,a
Cacng8,c
Phgdh,e
Adamts18,a
Cbx7,e
Hunk,d
Mapk14,e
Adamts19,b
Ggcx,b
Tg,d
Kdm3a,f
Tcf4,a
Kcnip1,b
Lgals7,b
Ebf4,a
3110082I17Rik,e
Smagp,d
Ier2,d
Eif3k,e
4930563E22Rik,b
Tanc2,b
Rpia,b
Sh3pxd2a,b
Tll1,b
Dennd4a,b
Plxnb1,a
Gper1,b
Krt42,f
Tgm5,a
Kics2,f
Mast1,f
Ptrh1,e
Chchd3,e
Exoc6,e
Grwd1,e
Camk2d,c
Ppfia2,b
Dnajc5g,f
Sh2d4a,f
Slc39a8,a
Mat2a,e
Kdm4d,a
Shisa6,e
Adnp2,f
Lgals4,b
Pde5a,b
Zfp14,a
Tusc1,b
Ndst1,b
Tmem179,c
Sirt5,c
Nt5dc3,d
Tceal5,d
Ercc6,a
Pkp3,e
Iigp1,a
Skida1,a
Utp18,e
Capn12,e
1810037I17Rik,e
Slc25a40,e
Skp2,a
H2-T3,f
Adm2,e
Nkx2-4,e
Spock3,b
Ceacam10,f
Cthrc1,e
Fra10ac1,e
Fgfr3,a
Msi1,d
Lifr,a
Zscan4c,f
Arfgap3,b
P2ry10b,b
Cpsf3,f
Mrps21,a
Taf4b,f
Rhob,d
Mdm4,d
Slfn5,e
Dnajc8,f
Spcs3,f
Tmem74,a
Slc30a7,b
Cadps,b
Tmem120b,e
Gimap4,b
Cpa1,a
Vapb,a
Vsnl1,a
Lclat1,a
Thnsl2,a
Kcnn2,e
Tmem62,a
Trim65,b
Zfp867,a
Sh3bp2,a
Adam12,b
Pla2r1,a
Kdm2a,a
Mgmt,f
Xlr,f
Slc8a1,b
Mmrn1,a
Pm20d2,e
Ano9,f
Irs4,e
Tmem119,b
1600014C10Rik,a
Srsf12,d
Emcn,a
Adam10,b
Ap1s3,e
Ankrd24,a
Zscan22,a
Hmgb2,e
Lrrc8c,a
1700013H16Rik,d
Phactr1,b
Msra,f
AU018091,f
Defb42,a
Set,e
Klhl18,b
Nsd3,a
Elp6,e
Atrnl1,b
Smim10l2a,d
Rnd1,f
Tmem158,a
Pcnx3,a
Dsp,d
Arhgef33,f
Klhl5,b
Zkscan4,a
Afp,b
Kcnmb4,a
Zfp174,b
9130008F23Rik,e
Zfp647,a
Nyap2,b
Lrtm2,e
Agap1,a
Cntn1,b
Gabrg3,b
Commd5,f
Pdlim1,f
Nfic,b
Smyd3,d
Rab39,f
Gabra5,c
Zfp819,f
Cgrrf1,d
Sugct,a
Klf2,f
Zfp78,f
C1ra,b
Fam72a,f
Zfp811,b
Foxd2,a
Pld5,a
Wdr86,b
Kcmf1,e
Zfp101,a
Ntrk2,a
Zfp93,a
Tead1,b
Tns1,b
Fat2,f
Snupn,e
Prl2c5,b
Fut9,f
Fbxo6,f
Map6,f
Nell1,a
Pcdh9,a
Nap1l5,c
Maf,b
Cd47,b
Zfp458,b
Ano5,a
Pprc1,f
Epm2a,b
Zcchc24,b
Epha6,b
Ct55,e
Zfp459,f
Or14a260,e
Cdca7,e
Hmcn2,f
Zfp580,b
Dach1,a
Gpc3,a
Mettl4,e
Zzef1,b
Kbtbd11,a
Tmem191,f
Klhl26,d
Slain1,e
Rras2,d
Nap1l3,b
Ghr,b
Rtl6,a
Gemin6,e
Nkain3,a
Eef1d,e
Myh8,b
Abcd2,a
Tcf7l1,f
Fmnl1,f
Dnaaf3,d
Mta3,e
Elob,e
Rnf181,f
Izumo4,a
Per2,b
Foxi3,e
Fancm,f
Tmem69,e
Tmem150a,b
Zfp277,f
Fto,a
Triqk,a
Irs1,a
Nod2,d
Elapor2,b
A430033K04Rik,b
Zfp709,b
Clca3a1,b
Rgs9bp,e
Mia3,a
Sag,e
Otulinl,b
Grik2,a
Eif3b,e
St3gal5,b
H2-T22,a
B4galt6,f
Pgm3,f
Trim34a,e
Nanos3,f
Cnot10,e
Col8a2,b
Snx32,b
Cfl1,e
Npm3,d
R3hdm1,a
Pard6g,c
Lrguk,d
Pla2g4a,b
Spock1,b
Cars2,e
Kcnq3,b
Lrif1,a
Cep70,f
Dennd1b,e
Synpr,a
Zfp981,f
Usp39,e
Sertm1,c
Tyw1,e
Tcim,b
Actr3b,e
Gpr50,a
Lig1,f
Adap1,f
Slit3,b
Cyct,e
Mok,f
Zbtb25,a
Med12l,f
Cd248,a
Chn1,f
Adgrf5,b
Foxk1,a
Cngb3,a
Tmem154,e
Cebpb,e
Rab31,b
Ccdc18,d
Pign,a
Ptprn2,b
Tug1,a
Zfp658,c
Trnp1,f
Fry,f
Chd9,e
Ppp1r14b,e
Hoxb8,d
Them6,e
Retsat,f
Gpr173,a
Ilrun,d
Elmod3,b
Ier5,d
Nbeal2,e
Capg,e
Nfil3,a
Grm7,b
Hmga2,a
St8sia3,c
Tsnax,a
Zfp663,a
Pcbp2,e
Pou3f4,a
Gulp1,b
Glipr1,c
H2bc27,b
Sipa1,b
Acbd4,f
Commd7,a
Mab21l1,b
Tatdn2,e
Jmjd6,e
Magel2,c
Ide,e
Skap1,d
Ero1b,f
Spata45,e
Fxyd3,b
Zfp607b,a
Ebf1,f
Zfp180,a
Nat8f1,a
Npm1,e
Gja5,a
Rpgrip1,f
Chd6,a
5730455P16Rik,a
Slc44a2,b
Aadat,e
Dmac2,e
Aak1,a
Rbbp4,e
Bbof1,a
Snrpg,e
St6galnac2,f
Arhgap24,a
Rpl38,e
Bcl2,b
Cep170,a
Chst3,b
Uxs1,f
Yipf1,f
Ryr3,e
Mrpl18,e
Zfp759,a
Nsd2,a
Antkmt,a
Las1l,e
Mpp7,e
Saa2,f
E2f6,d
Fam136a,e
Bloc1s2,e
Spop,c
Ece1,b
Dtnbp1,a
Elobl,f
Pus7,e
Lgals8,b
Eif1a,e
Zbtb8os,f
Arl16,a
Lmcd1,a
Ldoc1,e
Gapdh,e
Bloc1s3,f
Pkn1,a
Zfp746,a
Mex3b,a
Tmem178b,b
Sh3rf2,f
Serpinb9g,b
Prtn3,a
Megf6,e
Mab21l2,b
Ddx49,e
Bak1,f
Cfap299,e
Zfp119a,a
Xlr3a,f
Rpl32,f
Zfp595,b
Rpl36,e
Abat,b
Zfp329,a
Camk2b,f
Cacnb2,b
Unc13d,e
Itpk1,f
Fgf18,d
Sema3b,d
Zfp809,e
Mdn1,e
Adtrp,d
Zscan5b,f
Palld,b
Eml1,a
Nfam1,d
Tpm3-rs7,f
Gstm1,f
Adamts17,d
Xlr3c,e
Chsy3,b
Sez6l,b
Smco4,e
Mmel1,e
Zfp980,e
Zfp846,a
Gstp3,f
Arhgap35,a
Tspan7,b
Idi1,e
Mrps14,e
Espl1,f
Zfp68,a
Spock2,c
Upf1,e
Ube2e2,b
Phf21a,a
Dock1,a
Xlr5a,e
Zfp85,a
Abce1,e
H2bc8,a
Phtf1,c
Rrp1b,e
Gpr182,b
Zfp420,b
Txndc9,f
Syt17,d
Nrf1,f
Rpl10-ps3,f
Map2k5,a
Znrf2,f
Dhcr7,e
Kl,e
Rpl23a,f
Dppa4,e
Gpc6,a
Cela2a,f
Fbh1,a
Rpl30,e
Adra2b,d
Zfp110,e
Eif4b,d
Samd12,a
En1,f
Nkx2-9,e
Memo1,e
0610030E20Rik,a
Egln2,b
Lin9,e
Prr19,e
Osm,f
Thra,b
Cds2,f
Nfe2,d
Nap1l1,e
Col13a1,d
Zfp708,a
Deaf1,b
Col25a1,a
Rsl1,b
C1qtnf3,a
Cfi,b
Tlcd3b,e
Kcnc1,d
Hdhd5,f
Grin2a,a
Sh2d3c,d
Kcp,b
Eno1b,e
Frem1,a
Rpl18,e
Zfp945,a
Ntrk3,a
Pde1a,b
Skap2,f
Il1rapl2,a
Septin9,a
Usp47,a
Zc3h4,a
Naa38,f
Cdyl,e
Rpl11,e
Tonsl,f
Hopx,e
Zfp36l3,d
Slc14a1,a
Nrsn2,c
Nkapl,a
Mamld1,b
Zfp933,a
Actg2,b
Bcas3,f
Ptk2b,e
Mbtd1,a
Zfp426,a
B3gnt8,b
Cfap418,a
Kbtbd2,a
Nhs,b
Arhgef12,a
Fcgr3,f
Uqcr10,f
Trp53,f
Tor4a,b
Calcrl,a
Syn3,b
Taf1b,f
Cdh24,a
Zfp637,a
Flot1,b
Kcnh7,b
Fdps,e
Slx1b,d
Nrm,f
Eif4a1,e
Rgs3,b
Atl2,e
Sclt1,a
Zfp874b,b
Kmt5c,f
Hydin,f
Ntng1,b
Tnip2,f
Zfp422,a
Ube4a,a
Tsks,f
Dsc3,b
Tmem40,f
Adamts14,f
Unc5c,a
Grb2,f
9430015G10Rik,c
Ntm,a
Zfp74,f
Nptx2,f
Kif13b,f
H2aj,e
Rpl3,e
Dhps,e
Tmem26,b
Alox5ap,e
Psma3,e
Prmt7,e
Gemin2,e
Serpinb6a,f
Pop5,f
Zdhhc8,b
Kif27,b
Myh13,f
Slc35e3,a
Pcnx2,e
Arrb2,e
Pyroxd2,b
Golm2,b
Cend1,c
Alyref2,a
Pwwp2b,d
Gtf2i,a
Nrg2,b
Ap2a1,f
Sp7,d
Ppih,e
2610008E11Rik,a
Zfp941,e
Zfp937,a
Caln1,b
Hnrnpc,f
Zfp128,a
Chst8,f
Sntb1,e
Sycp2,e
Rnf14,c
Kng2,f
Dppa5a,f
Wtap,f
Irak2,f
Samd5,b
Rpl10l,f
Zfp266,a
0610040J01Rik,c
Tor3a,e
Dcc,d
Fam78b,a
Mfap2,b
Fhit,a
H2-Eb1,f
Ifitm2,d
Layn,b
Eno3,a
Nr1h2,f
Rpl35a,e
H4c9,b
Marf1,a
Plaat3,e
H4c3,a
Mrps9,d
Slc9a6,b
Fthl17c,e
Cd302,a
Bloc1s4,f
1700019A02Rik,e
Plekhh1,f
Ipmk,f
Rxfp3,a
Lrrtm1,b
Gmfg,e
B2m,b
Gstp1,f
Serpina6,b
Ctnna3,a
Ube2s,e
Kcnd2,b
Csmd1,b
Tmem263,a
Rpl26,e
Trmt61a,e
Slc4a4,d
Irx1,a
Galnt13,a
Mkx,e
Rrs1,e
Clasrp,f
Haghl,a
Cdh3,d
Zfp143,e
Lsamp,b
Plac1,b
Myl4,f
Sap18b,e
Mcrip1,a
Dnajc30,a
Cyp4f39,f
Ppm1b,f
Blnk,e
Prpf40a,d
Maml3,a
Sfmbt2,d
H2-K1,e
Mmgt1,c
Exosc5,e
Taok3,a
Agbl4,a
Rag1,b
Naca,e
Dnai1,e
Cxcl12,b
Nuggc,e
Phf5a,e
Zfp873,a
Fiz1,f
Acvr2b,d
Zcchc14,a
Cracr2a,b
Hipk2,a
Stx17,a
Nol10,e
Smim20,e
Mrps36,e
Rps7,e
Snrpa,e
H4c4,a
Sox21,f
Zic2,f
C1qtnf7,b
Sec22c,a
Zfp229,f
Dpp6,d
Pclo,a
Akap6,b
Mdc1,e
U2af1,f
Ndufb11b,f
Med9,e
Gdpd1,a
Tmem91,e
Ppp1r1b,b
Tnnt3,d
Ext1,d
Cyp2d22,b
Kalrn,a
Armt1,e
Rps17,e
Ttr,b
Myl1,b
Suclg2,e
Patj,c
Sphk1,b
Ccdc62,e
Ssbp3,c
Slc25a3,e
Myt1l,b
Rcc1l,f
Rps12,e
Rpl34,e
Hsh2d,f
Pgghg,a
Zfp27,a
Slc2a7,f
Pgk1,e
Trim54,d
Qki,a
Btbd3,a
Scfd2,f
Rai1,d
Cttnbp2nl,a
Ifnlr1,f
Fmr1nb,f
Hs6st2,c
Lancl2,c
2700097O09Rik,e
Btbd9,b
Gspt1,e
Erbb4,a
Tnfaip8,b
Cks2,e
Opcml,a
Trank1,e
Rpp25,f
Erbb2,b
T,d
Serpinb9e,b
Otof,b
Tmem65,a
Borcs7,a
Tubb3,f
Dgkk,a
Zfp706,f
Arf2,b
Ap3b2,e
Rpl9-ps6,f
Nsl1,f
Fabp4,b
Zfp534,f
Zfp398,b
Mppe1,f
Syt9,f
Cys1,b
Timm17a,e
Tubb4a,a
Srpk2,c
2310039H08Rik,b
Rpl7a,e
Ncs1,b
Cebpzos,f
Sim2,b
Ppox,a
Zfp677,a
Shisal1,b
Zfp512,c
Ei24,f
Tex101,e
Kcnc3,e
Zfp599,f
Hikeshi,e
Phactr2,a
Impdh2,e
Klhl24,a
Acadm,f
Cfl2,a
Mtap,f
Stat4,f
Kdr,a
Cped1,b
Mrpl42,e
Rpl35,e
Msln,f
Ccni,a
Zfp780b,b
Lrrc40,e
Sox7,b
Ctnna2,b
Mapk3,d
Kif1b,a
Zfp26,a
Kcnma1,b
Bbs5,e
Clip2,b
Numbl,b
Pstk,e
Nol7,e
Ldha,e
Ptpmt1,f
Grm4,f
Naa15,e
Hacd1,d
Tmem117,f
Luzp2,a
Rpl27,e
Krr1,e
Slc39a4,e
3300002I08Rik,a
Bcl9l,b
Cyp26b1,a
Sorcs3,a
B9d2,a
Plppr1,b
Syne2,a
D630045J12Rik,a
Rps15,e
Lrmda,b
Snu13,e
Zkscan7,a
Arhgap22,e
Snrnp70,f
Eno1,e
Sema3e,e
Zfp773,f
Nup98,f
Col23a1,b
Jazf1,c
Gng8,b
Ccdc102a,b
Unc5d,d
Sox11,a
Jakmip1,f
Pcdhb5,b
Cycs,e
Sfxn4,b
Tnfrsf11b,b
Rnf217,a
Utp14a,d
Chchd1,e
Prpf38a,e
Hspbp1,f
Lin28b,e
Gpatch1,e
Alms1,e
Gpx1,f
Slc24a3,b
Ptcd3,e
Nlgn1,b
Rpl7l1,e
Zkscan8,a
Klk1,f
Dpp3,e
Srrm4,a
Pepd,f
Brpf3,f
Nr6a1,d
Klk8,c
Pym1,f
Mro,b
Gpn1,e
Trerf1,c
Dzip3,a
Mtx1,e
Fbln2,b
Cnnm2,f
Cadm2,b
Prr36,a
Med14,e
Arih2,f
Tnnt1,c
Rab3ip,e
Zfp936,f
Ano6,b
Ifi27,b
Paqr9,e
Plcxd1,e
Zfp428,f
Hvcn1,f
Gpbar1,b
H4c12,a
Tank,a
Cntn4,a
Aox3,f
Clasp1,a
Hhip,b
Siva1,e
Scn1a,a
Selenop,b
Rps23rg1,e
Tacc1,f
Aurkaip1,e
Zfp985,e
Zfp979,e
Zfp600,f
Zfp987,e
Dhrs3,a
Ubr4,f
Hnrnpr,a
Med18,f
Phactr4,a
Cldn19,f
Adamtsl1,b
Prpf4,e
Cdc26,a
Anks6,a
Arid3c,e
Ipo7,d
Pomgnt2,b
Numa1,a
Wdr6,a
Serpina1a,b
Nrxn3,b
Akap13,a
Msl2,a
Plekhd1,f
Hmgn3,b
Hmgb1,a
Insyn1,b
Tecpr1,b
Ttc32,e
Lefty2,f
Zbtb16,d
Fxyd6,b
Cldn9,e
Zfp575,b
Vkorc1l1,e
Zbtb6,a
Rnasel,a
Zfp810,a
Ecsit,e
Hmcn1,d
Oas1g,f
Nck2,a
Zfp617,a
Vsig10,f
Bub3,f
Cntnap5b,b
Slc22a7,e
Polr1c,e
Xpo5,e
Eif1ax,e
Frat1,a
H2-T23,b
Nipal1,a
H2-Q10,e
Lgi1,d
Foxd3,e
Rplp0,e
Capn6,a
Ppp1r3c,b
Rps28,e
Crygd,f
Bmpr2,a
Tuba3b,e
Lyar,e
Trmt2b,b
Tspan6,a
Zfp563,a
Zfp763,a
Hmx1,f
H4c11,a
Or4d11,e
Dmrtc1c2,e
Dmrtc1c1,e
Cbln4,a
S1pr3,a
Syngap1,b
Ankrd23,b
Tuba3a,f
Lpar5,f
Gbx1,e
Xlr5c,e
Xlr4b,f
Pwwp4a,f
Pi15,b
Nnat,b
Blcap,b
Myl9,b
Pex26,b
Romo1,c
Zic3,e
Map7d3,e
Sptbn2,f
Zfp991,d
Rex2,e
Rtl8a,b
Zfp760,a
Zfp160,a
Gtf2f2,e
Afdn,e
Tcp1,e
Rhox9,f
Tcf15,e
Cenpm,f
Ninl,f
Agtr2,b
Zfp442,a
Zfp120,a
Insm1,e
Col8a1,a
Pick1,e
Lgals1,b
Phf11d,f
Amn1,a
Efcc1,d
Ap5s1,b
Cenpb,b
Shroom4,d
Usf3,a
Slc4a5,f
Tlx2,d
Cep152,e
Pnp2,f
Aard,f
Zfp467,a
Zfyve19,b
Mgam,a
Gm4841,a
Actc1,b
Gjd2,a
Clec16a,b
Cd59b,e
Gpr88,b
Flnc,b
Tmem167b,a
Celsr2,c
Cry2,c
Psrc1,e
Sort1,c
Ptprz1,d
Psma5,e
Gstm6,f
H2bc21,b
Sf3b4,e
Gm128,e
Selenbp1,b
Selenbp2,a
Sprr2a2,d
Dap3,f
Msto1,e
Syt11,c
Zfp619,a
Zfp114,a
Urm1,f
Slc25a31,e
Slc7a14,b
Cdk7,e
Zbtb10,f
Rps18-ps6,e
Nxph2,a
Adgrv1,e
Nr2f1,a
Zfp72,c
Gprin1,b
Dusp22,a
H2ac6,a
H4c18,a
Prdm6,a
Lyz1,a
Lyz2,b
Dazap1,e
Tspear,e
Ank3,b
Strada,f
Marcks,b
Nkain2,a
Pcgf1,d
Zfp975,f
Arid1b,a
Ube2u,a
Zfp820,a
Psmb3,e
Tmem100,a
Msi2,a
Slfn9,c
Fbp1,e
Cacng7,e
Tlcd3a,c
Ccdc92b,e
Ahnak,b
Sat2,a
Sco1,f
Slc47a2,e
Irgm2,b
Atxn1l,a
Insyn2b,c
B3gnt9,b
Fcho1,f
Sp140,d
Sp110,e
Fam149a,b
Fat1,e
Mfhas1,a
Gmppb,f
Slc35g2,d
Ddx43,f
Scn2b,a
Mpzl3,f
Eif3g,e
Rnf213,f
Qrich2,e
Gpr179,d
Hsf5,e
Ccnd1,f
Plpp4,b
Hs3st3b1,d
Serpinh1,b
Adamtsl3,b
Cldn3,e
Fam217b,a
Chchd2,f
Tmem132b,b
Rgma,a
Nsmce3,d
Peg12,a
Mkrn3,a
Top1,a
Slc17a7,e
Mn1,b
Fv1,a
Vsig10l,b
Zfp992,f
Srarp,f
Lrrc8b,a
Sox13,d
Etnk2,f
Cntnap5a,b
Utp3,e
Sars2,e
Eid2b,a
Gtsf1l,f
Zfp974,a
Hmgn2-ps,a
Tmem200b,a
Rmdn3,e
Rbm44,e
Fryl,f
Tmem35b,f
Dgkd,e
Ceacam20,f
Rbm47,f
Pnma8b,b
Bicra,a
Zswim9,a
Zscan4f,f
Aurkc,f
Zfp804a,a
Trabd2b,a
Ccnyl1,e
Gad1,d
Klhl9,a
Tgfbrap1,a
Il1rl2,b
Rabepk,d
Foxe1,e
Ccin,d
Ndufb6,f
Rasgrp3,a
Safb,f
Zfp827,a
Treml2,c
Ptges3,e
Yipf3,d
Nr2c2ap,f
Arhgef10,b
Serpina1b,b
Wfikkn1,d
Cecr2,d
Timm8a2,f
2210408I21Rik,b
Zfp946,a
Zfp942,d
Zfp58,a
Bves,a
Armc2,b
Tia1,a
Setdb2,d
Tbpl1,a
Map3k5,e
2410004P03Rik,e
Grid2,a
Psmg4,f
Dtnb,e
Ccnb1ip1,f
Nutf2-ps1,e
Gprin2,b
Klrg2,f
Nt5dc2,c
Akr1c19,b
Cpa2,e
Entrep1,f
Eef1g,e
Tut1,e
Ganab,f
Ints5,e
1810009A15Rik,e
Ubxn1,f
Gng3,e
Polr2g,e
Foxr2,e
Snx29,a
Rtl4,b
Sms,e
Nalf2,e
Spin4,a
Gspt2,e
Smpd5,a
Zhx2,a
Rhox1,f
Apcdd1,d
Ccdc112,b
Mcc,a
Ppia,f
Fndc1,b
Ccnf,f
Septin5,b
Tuba1a,c
Trim6,e
Fthl17f,f
Taf1a,e
Klf12,d
Dppa2,f
Nanos1,f
Xlr5b,e
Ppp1r3e,b
Phf20l1,b
Lratd2,e
Tmem253,f
Slc39a2,f
Zfp9,a
Gdf2,b
Adam1a,a
Tmem254,c
Smim10l1,a
Myo18b,f
Acrbp,f
Grcc10,a
Zfp951,f
Serpina1e,b
Rybp,e
Gpr27,c
Gm12258,a
Noxred1,f
Nup62cl,f
Ripply1,f
Acot1,b
Bhlhb9,c
Gprasp2,a
Oip5,f
Uprt,c
Zxdb,b
Lrrc61,a
Drc1,c
Vma21,a
9030624G23Rik,d
Zfp449,b
5730507C01Rik,f
Ccdc160,f
Gm9,f
Nudt10,a
Ezhip,e
H2-Bl,f
Mucl3,e
H2-D1,e
C4b,f
H2-Ab1,f
Gm4924,e
Arhgdig,e
Wdr90,c
Eme2,a
Pnldc1,e
Sft2d1,e
Rsph3a,a
Mtarc2,f
Dok6,a
Pappa2,b
Cep76,e
Ppp1r12b,b
Prr16,a
Arl14epl,f
Pcdhb22,a
Smim33,d
Ecscr,b
Prob1,e
Wdfy1,d
Nbeal1,d
Hspe1,e
Klhl21,e
Rpl31,e
Cenps,e
Lmbrd1,b
5730409E04Rik,b
Btbd19,f
Kti12,e
Efcab7,a
Alg6,e
Cdkn2b,e
Insyn2a,a
Tufm,e
Il11ra1,b
Rbmxl2,f
Mob3b,e
Trim68,a
Rhog,c
Ttpa,f
Osgin1,e
Mlycd,b
Fam169b,f
Snrnp40,e
Svip,a
Rbm15b,a
Saa1,f
Ntf5,b
Rpl13a,e
Nlrc5,d
Zfp976,f
Zfp788,a
AW146154,a
Plekhf1,f
Znhit6,e
Zfp791,a
Adh1,b
Dnajb14,a
Misp3,f
Cox7a1,f
Zfp568,d
Spint2,e
Rec114,f
Ceacam1,f
Phldb3,f
Zfp94,a
Peak1,b
Ehd2,b
AI429214,a
Foxr1,f
Zfp865,a
Zfp628,a
Sprr2a3,d
S100a16,b
Spc24,f
Mex3a,a
Bglap3,f
Zfp558,a
Fat3,a
Arfip1,a
Zfp971,a
Cass4,e
Kcng1,c
Mocs3,f
Lekr1,a
Arfgef2,d
Tox2,b
Mafb,b
Tmem267,b
Sox2,f
Cpne1,d
Myh7b,d
Lrrc31,f
Eif2s2,f
Kif5a,b
Bpifb4,e
Tspyl3,b
Ttll9,e
Zcchc3,c
Csnk2a1,e
Zfp345,e
Zfp950,b
Syndig1,f
Fndc10,b
Thbd,b
Pdzd8,a
Atxn7l3b,a
Kiz,a
Ism1,d
Bhmt,f
Ube2n,e
Plxnc1,b
Hspa12b,b
Slc4a11,f
Itpa,e
Papolb,e
Pdzd7,f
Itpripl1,a
2010315B03Rik,a
Zfp998,f
Hpse2,b
BC025920,a
Platr25,a
Zfp808,f
B3galt5,a
Ranbp6,a
Chst14,b
Inafm2,a
Pak6,e
Ptar1,d
Grem1,b
Ano3,e
Fibin,b
Qser1,a
Nrbf2,e
Fjx1,b
Accsl,f
Prdm11,b
H2bc3,a
Nxpe3,d
Zfp408,b
Cd80,f
Lrrc55,c
Ccdc162,e
Znhit2,e
Amd1,e
Heg1,b
Cerkl,f
Cenpw,e
Pde11a,a
Wipf1,a
H60b,a
Sp5,d
Scn9a,b
Scn2a,b
Fign,a
Rprm,a
Hoxc4,a
Smim41,b
Dolk,b
Dnlz,a
Alg10b,a
Slitrk1,a
Kbtbd6,a
Aarsd1,f
Hoxb2,a
Nrbp2,b
Nynrin,b
Gal3st4,a
Zfp652,a
Selenot,e
Selenom,b
Selenoi,c
Msrb1,f
Gpx4,f
Dio3,f
Hus1b,e
Sox4,a
Acsf2,f
Selenoh,e
Ass1,f
Rab11b,a
Ankrd63,a
Fthl17b,e
Klhdc7a,e
Fam43b,e
Hmga1b,e
Foxd1,a
AI593442,b
Sf3b5,e
Smim1,a
Sarnp,f
Ctdsp2,b
AU041133,a
Smim24,b
Dohh,e
Abracl,a
Zfp984,f
Zfp982,f
Zfp978,e
Zfp988,e
Zfp268,f
Zfp990,f
Pramel30,f
Aunip,e
Nkain1,f
Bnip3,e
1110065P20Rik,b
Ndufaf8,f
Hs3st4,b
Psme3,e
Vps25,f
Fam174b,f
Chd2,d
Mup6,f
Cisd3,f
Tomm5,e
Tmem8b,b
Haus5,f
Zfp566,e
Rad54b,e
Zfp59,f
Rbis,e
Dph1,f
Dact3,b
Eif5a,e
Cacng6,e
Prkcg,e
H2ac25,b
Igtp,c
Zfp931,a
Zfp970,a
Gm14410,a
Gm14305,a
Zfp973,a
Gm6710,a
2210418O10Rik,f
Zfp965,a
Gm4724,a
Zfp968,b
Gm14393,f
Gm14444,f
Mon1b,c
Ifi47,c
Tgtp1,e
Cpt1b,e
Syce3,e
Arhgap8,e
Dnaaf10,f
Serpina3m,f
Serpina3i,f
Insl3,f
Slc45a4,f
Eif1ad7,f
Mef2b,e
Prnp,b
Apela,e
Fastkd5,e
Slc8a3,a
Kcnip3,d
Cyp4v3,b
Jrkl,a
Ccdc82,a
Tgm7,a
Prps1l3,e
C7,b
Kdelr2,b
A130010J15Rik,a
Nalf1,b
Tlr5,b
Sap25,f
Mphosph8,e
Psme2,e
Zfp664,a
Ccr5,a
Trim71,e
Tmppe,f
Hoxd3,d
2310009B15Rik,a
Rab9,e
Naa80,a
Magea5,f
Magea8,f
Ackr4,c
Gbp4,c
Luzp4,f
Atg4a,a
Arpc4,f
Tceal7,e
Rpl36a,f
St6galnac4,a
B3gnt7,e
Utp14b,e
Mymx,f
Rab7,d
Znrd2,e
Pin4,e
Nhsl2,a
H2-Q1,f
Apoo,e
Zfx,a
Ctag2l1,f
Kifc1,f
Haus3,e
Pou2af3,a
Hoxa3,a
Maea,c
Tm9sf5,e
C1qtnf5,b
Clec2l,b
Zbtb9,e
Seh1l,e
Rhox4g,e
Rhox2g,e
Rpl39,e
Prrt4,f
Rab26,f
Eloc,e
Tmem243,e
Zglp1,e
Dynlt2a1,e
Xlr4a,f
Brms1,f
Spaca6,a
AU015836,f
Fzd10,d
Dnajb3,a
Nap1l2,a
Btc,b
Ctsf,b
Esrp2,d
Tmem240,b
Ccdc85c,e
Bbip1,a
Crocc2,b
Rtl9,b
Zfp703,a
Rtl1,b
Wipf3,e
Pierce2,a
Ubap1l,e
Nbdy,b
Btbd18,f
Isoc2a,f
Gm13889,b
L1td1,e
Lamtor5,e
Lipo2,f
Gm13398,b
Tmem170b,a
Frg2f1,b
Kantr,d
Gdf1,b
Zfp111,a
1500009L16Rik,f
Mia,f
Fcor,e
Bcl2l2,d
Cbx6,b
Tgfbr3l,d
Zfp966,d
Slc5a3,a
Zfp882,a
Umad1,b
Rps6kc1,a
Tmem102,f
Mfsd14a,f
Tmsb15b2,a
Galnt4,b
Nwd2,a
1110002E22Rik,a
Cdk5r2,e
Srpx,b
Ttbk2,b
Usp49,a
Ugt1a7c,b
Acad11,f
Fbxw10,f
Itga10,f
Pcp4,a
Cfb,b
Churc1,e
Mndal,a
Tarbp1,f
Lrrc10b,b
Prr23a3,e
Gypc,a
Snrpe,e
Zfp712,a
Zfp493,e
Apold1,b
Gm6871,e
Rps13,e
Hspa1b,f
Pabpc4l,a
Synj2bp,a
F830016B08Rik,b
Ccdc71l,a
Lrrc32,b
Tcerg1l,e
Prr23a1,e
Gm5141,a
Smim13,a
Eid1,a
Col6a5,e
Gcnt4,f
H4c14,a
Otogl,a
Triml2,f
Lamtor3,a
Gm14569,e
Lsm5,e
H2-Q2,c
Siah3,b
Zfp964,a
Inafm1,b
Gon7,e
C2cd4b,f
Hspa1a,b
Peg10,d
Bend4,e
Dynlt1a,f
Kcnb2,b
Zfp804b,b
Gm2381,e
Zfp963,a
Zfp977,f
Smim40,e
Zfp141,e
Gpank1,e
Khdc3,f
Lrch4,f
Eif4e3,a
Tomm20,e
Zfp853,b
Gm2237,e
Rnasek,f
Gm4767,f
Slc6a16,e
H2bc13,a
Gm15097,f
Zbed6,a
Sgo2b,f
Purb,b
Gm3055,a
Tmem121b,a
D430019H16Rik,a
Gm2007,a
Rbm4,a
Gm3604,f
Gm3336,f
Edaradd,b
Itpripl2,b
Rhox5,e
Zfp799,a
Zfp870,f
Tmem200c,a
Fignl2,a
Entpd4,b
Noc2l,e
Fmo6,b
Dynlt1f,e
Zfp997,e
Nim1k,d
Zfp97,f
Sox1,e
Syne1,a
Vkorc1,c
H1f0,b
Smim22,f
Dynlt1b,f
Or8b40,e
Zfp994,a
Tpbgl,a
Mfsd4b4,a
Zfp960,f
Psmb9,e
Lbhd1,e
Tmem151b,a
Shisa8,e
Galntl6,b
Zfp850,e
Foxl1,a
Tnfsf12,b
Thoc2l,d
Ptges3l,a
Tunar,f
Bin2,e
Sowahc,d
Rpl24,e
C1rb,b
Kctd12,b
Zfp953,f
Tcf24,e
Atf7,b
H3c4,a
Zfp383,a
Slc18a3,b
9130401M01Rik,e
Ldhal6b,f
Pcdhga10,a
Snrpn,e
Pcdha3,b
Pcdhga9,a
Pcdhgc5,d
Snurf,e
Dchs2,b
Pcdhac2,c
Pcdhgb2,a
Gm7694,a
Naaladl2,a
Pcdhgc3,b
Pcdhgb1,a
Pcdhgb6,b
Pcdha5,b
Pcdhga1,b
Pcdhga2,a
Pcdha1,b
Pcdhga7,a
Pcdhga5,a
Pcdhgb4,b
Pcdhga4,a
Pcdha6,b
Tstd1,e
Pcdhgb5,a
Pcdha9,b
Pcdhga6,a
Pcdhga8,a
Tigd5,a
Pcdhgb7,b
Pcdha2,b
Pcdha4,a
Pcdhga3,b
Rhbg,f
Gbp6,b
Tex13d,e
Lhfpl3,d
Mrpl33,e
Pagr1a,f
Ccdc194,e
Prmt1,e
Nup62,e
Ankrd31,e
Gm35315,e
Hspa14,e
Chmp1b,d
Brd3os,b
Gm45871,f
Gm19935,e
Smim36,a
Gm10033,d
Btbd8,c
Pbld1,e
Rnf212b,e
Zfp935,a
Adat3,f
H2bc9,a
Eef1akmt4,e
Eef1ece2,e
Pnp,e
Pdxp,f
Riok2,e
Ntn3,b
Hspe1-rs1,d
Snhg4,d
Itprip,a
Shld3,e
A930007A09Rik,f
